ID,Task Name,Duration,Start Date,Predecessors,Resource Names,Notes
1,PHASE 1: MARKET ANALYSIS (The Distressed Asset),30 days,12/1/2020,,Analyst,"Assess the 'Espresso Art' ecosystem for antisocial inflation."
2,Identify Constraints,14 days,12/1/2020,,Analyst,"Map the three headwinds: Antisocial Inflation, Tech Liquidity, Bio Deflation."
3,Calculate Solidarity Index Baseline,7 days,12/15/2020,2,Data Team,"Determine the cost of buying immediate acceptance (it's too high)."
4,PHASE 2: THE HEDGED SHORT (Entry Strategy),365 days,1/1/2021,3,Strategist,"Shorting the market by withholding validation."
5,Sell Solidarity Stocks (Stop Seeking Validation),30 days,1/1/2021,3,User,"Refusal to participate in commiseration circles."
6,Purchase Dignity Call Options (The Hedge),180 days,2/1/2021,5,User,"Investing in solo activities: Reading, Smoking Alone, Cafe Writing."
7,Vulnerability Arbitrage (Karaoke/Poetry),180 days,8/1/2021,6,User,"Singing and typing poetry. Buying back solidarity at a discount."
8,PHASE 3: THE OVERTURE (The Kinetic Break),1 day,12/25/2025,7,Golfer,"The 'Whack it Fast' moment."
9,Calculate Prospect Theory Delta,1 hour,12/25/2025,8,AI Agent,"Compare 'Loss of Captive Audience' vs 'Gain of Intimacy'."
10,Execute Overture (The Approach),4 hours,12/25/2025,9,User,"Bypassing the analysis paralysis with high-velocity energy."
11,PHASE 4: SETTLEMENT & EXIT,7 days,12/26/2025,10,Closer,"Cashing out the short position."
12,Validation of Thesis (The Smile/Wave),1 day,12/26/2025,10,Observer,"Market acknowledges the value (Asian girl waving)."
13,Transition to New Market (Chandler),0 days,1/1/2026,12,Mover,"Milestone: Moving to a market with better liquidity."