simulation_id,player_id,player_skill,total_wins,total_points_raw,final_score_bonus_0,final_score_bonus_1,final_score_bonus_2,final_score_bonus_3,final_score_bonus_4,rank_bonus_0,rank_bonus_1,rank_bonus_2,rank_bonus_3,rank_bonus_4,rank_skill
0,0,62,16,317,317,333,349,365,381,18.0,18.0,18.0,19.0,19.0,19.0
0,1,84,24,337,337,361,385,409,433,9.0,7.0,6.0,4.0,4.0,9.0
0,2,78,18,331,331,349,367,385,403,11.0,10.0,10.0,10.0,10.0,10.0
0,3,94,15,334,334,349,364,379,394,10.0,11.0,12.0,13.0,14.0,3.0
0,4,67,16,316,316,332,348,364,380,19.0,19.0,19.0,20.0,20.0,16.0
0,5,78,21,338,338,359,380,401,422,8.0,9.0,8.0,8.0,7.0,11.0
0,6,61,13,306,306,319,332,345,358,24.0,24.0,24.0,24.0,23.0,20.0
0,7,74,17,331,331,348,365,382,399,12.0,12.0,11.0,11.0,11.0,15.0
0,8,63,18,327,327,345,363,381,399,14.0,13.0,13.0,12.0,12.0,17.0
0,9,63,18,312,312,330,348,366,384,21.0,20.0,20.0,18.0,17.0,18.0
0,10,75,23,350,350,373,396,419,442,3.0,2.0,2.0,2.0,2.0,13.0
0,11,88,21,351,351,372,393,414,435,1.0,3.0,3.0,3.0,3.0,6.0
0,12,96,19,341,341,360,379,398,417,7.0,8.0,9.0,9.0,9.0,2.0
0,13,58,15,307,307,322,337,352,367,23.0,22.0,22.0,22.0,22.0,21.0
0,14,56,16,313,313,329,345,361,377,20.0,21.0,21.0,21.0,21.0,23.0
0,15,99,23,351,351,374,397,420,443,2.0,1.0,1.0,1.0,1.0,1.0
0,16,86,17,326,326,343,360,377,394,15.0,15.0,15.0,15.0,15.0,8.0
0,17,88,21,344,344,365,386,407,428,6.0,5.0,5.0,6.0,6.0,7.0
0,18,58,15,324,324,339,354,369,384,17.0,17.0,17.0,17.0,18.0,22.0
0,19,92,17,326,326,343,360,377,394,16.0,16.0,16.0,16.0,16.0,4.0
0,20,91,21,345,345,366,387,408,429,4.0,4.0,4.0,5.0,5.0,5.0
0,21,75,17,328,328,345,362,379,396,13.0,14.0,14.0,14.0,13.0,14.0
0,22,55,12,310,310,322,334,346,358,22.0,23.0,23.0,23.0,24.0,24.0
0,23,78,19,345,345,364,383,402,421,5.0,6.0,7.0,7.0,8.0,12.0
1,0,94,20,337,337,357,377,397,417,9.0,8.0,9.0,9.0,9.0,2.0
1,1,74,16,341,341,357,373,389,405,7.0,9.0,11.0,12.0,12.0,13.0
1,2,75,15,328,328,343,358,373,388,14.0,15.0,16.0,16.0,16.0,11.0
1,3,54,20,323,323,343,363,383,403,16.0,16.0,14.0,13.0,13.0,22.0
1,4,84,21,336,336,357,378,399,420,10.0,10.0,7.0,7.0,8.0,6.0
1,5,58,15,293,293,308,323,338,353,24.0,24.0,24.0,24.0,23.0,20.0
1,6,90,22,333,333,355,377,399,421,12.0,11.0,10.0,8.0,7.0,4.0
1,7,60,13,301,301,314,327,340,353,23.0,23.0,23.0,23.0,24.0,17.0
1,8,79,22,360,360,382,404,426,448,1.0,1.0,2.0,2.0,3.0,8.0
1,9,83,16,346,346,362,378,394,410,6.0,6.0,8.0,10.0,10.0,7.0
1,10,52,14,309,309,323,337,351,365,20.0,20.0,20.0,20.0,20.0,23.0
1,11,76,17,328,328,345,362,379,396,15.0,14.0,15.0,15.0,15.0,10.0
1,12,77,19,334,334,353,372,391,410,11.0,12.0,12.0,11.0,11.0,9.0
1,13,59,16,321,321,337,353,369,385,17.0,17.0,17.0,17.0,17.0,18.0
1,14,94,22,358,358,380,402,424,446,2.0,3.0,4.0,4.0,4.0,3.0
1,15,59,14,303,303,317,331,345,359,22.0,22.0,22.0,22.0,22.0,19.0
1,16,99,23,357,357,380,403,426,449,3.0,4.0,3.0,3.0,2.0,1.0
1,17,64,16,320,320,336,352,368,384,18.0,18.0,18.0,18.0,18.0,16.0
1,18,90,24,357,357,381,405,429,453,4.0,2.0,1.0,1.0,1.0,5.0
1,19,75,21,347,347,368,389,410,431,5.0,5.0,5.0,5.0,5.0,12.0
1,20,74,15,320,320,335,350,365,380,19.0,19.0,19.0,19.0,19.0,14.0
1,21,51,17,330,330,347,364,381,398,13.0,13.0,13.0,14.0,14.0,24.0
1,22,66,21,340,340,361,382,403,424,8.0,7.0,6.0,6.0,6.0,15.0
1,23,55,13,308,308,321,334,347,360,21.0,21.0,21.0,21.0,21.0,21.0
2,0,55,20,348,348,368,388,408,428,3.0,4.0,4.0,5.0,5.0,23.0
2,1,96,21,346,346,367,388,409,430,5.0,5.0,5.0,4.0,4.0,2.0
2,2,74,21,348,348,369,390,411,432,4.0,3.0,3.0,3.0,3.0,10.0
2,3,68,15,324,324,339,354,369,384,13.0,13.0,15.0,15.0,16.0,14.0
2,4,75,17,315,315,332,349,366,383,18.0,17.0,17.0,17.0,18.0,9.0
2,5,70,18,330,330,348,366,384,402,9.0,10.0,10.0,10.0,10.0,12.0
2,6,83,21,328,328,349,370,391,412,10.0,9.0,9.0,8.0,8.0,8.0
2,7,92,17,321,321,338,355,372,389,14.0,14.0,13.0,13.0,13.0,5.0
2,8,100,23,354,354,377,400,423,446,2.0,2.0,2.0,2.0,2.0,1.0
2,9,94,24,332,332,356,380,404,428,7.0,6.0,6.0,6.0,6.0,4.0
2,10,56,17,321,321,338,355,372,389,15.0,15.0,14.0,14.0,14.0,22.0
2,11,66,13,307,307,320,333,346,359,23.0,23.0,22.0,22.0,22.0,15.0
2,12,95,23,357,357,380,403,426,449,1.0,1.0,1.0,1.0,1.0,3.0
2,13,74,17,317,317,334,351,368,385,16.0,16.0,16.0,16.0,15.0,11.0
2,14,88,20,334,334,354,374,394,414,6.0,7.0,7.0,7.0,7.0,6.0
2,15,59,13,302,302,315,328,341,354,24.0,24.0,24.0,24.0,23.0,20.0
2,16,55,15,312,312,327,342,357,372,20.0,21.0,21.0,21.0,21.0,24.0
2,17,69,18,326,326,344,362,380,398,12.0,12.0,12.0,12.0,12.0,13.0
2,18,63,18,312,312,330,348,366,384,21.0,20.0,19.0,18.0,17.0,18.0
2,19,86,20,331,331,351,371,391,411,8.0,8.0,8.0,9.0,9.0,7.0
2,20,58,11,310,310,321,332,343,354,22.0,22.0,23.0,23.0,24.0,21.0
2,21,64,17,315,315,332,349,366,383,19.0,18.0,18.0,19.0,19.0,17.0
2,22,65,15,316,316,331,346,361,376,17.0,19.0,20.0,20.0,20.0,16.0
2,23,60,18,328,328,346,364,382,400,11.0,11.0,11.0,11.0,11.0,19.0
3,0,82,14,317,317,331,345,359,373,18.0,19.0,21.0,21.0,21.0,13.0
3,1,81,21,337,337,358,379,400,421,5.0,5.0,5.0,5.0,5.0,14.0
3,2,50,14,291,291,305,319,333,347,23.0,23.0,23.0,22.0,22.0,24.0
3,3,68,13,286,286,299,312,325,338,24.0,24.0,24.0,24.0,23.0,18.0
3,4,90,15,316,316,331,346,361,376,20.0,20.0,20.0,20.0,20.0,9.0
3,5,51,8,306,306,314,322,330,338,22.0,22.0,22.0,23.0,24.0,23.0
3,6,93,17,324,324,341,358,375,392,15.0,16.0,16.0,17.0,18.0,5.0
3,7,83,19,327,327,346,365,384,403,14.0,14.0,13.0,13.0,12.0,12.0
3,8,76,18,324,324,342,360,378,396,16.0,15.0,15.0,15.0,16.0,17.0
3,9,62,19,329,329,348,367,386,405,10.0,10.0,11.0,10.0,10.0,19.0
3,10,59,19,318,318,337,356,375,394,17.0,17.0,18.0,18.0,17.0,20.0
3,11,92,21,354,354,375,396,417,438,1.0,1.0,1.0,1.0,1.0,6.0
3,12,91,19,337,337,356,375,394,413,6.0,7.0,7.0,7.0,7.0,7.0
3,13,84,20,328,328,348,368,388,408,13.0,11.0,10.0,9.0,9.0,10.0
3,14,98,22,348,348,370,392,414,436,2.0,2.0,2.0,2.0,2.0,1.0
3,15,94,20,345,345,365,385,405,425,4.0,4.0,4.0,4.0,4.0,4.0
3,16,84,20,337,337,357,377,397,417,7.0,6.0,6.0,6.0,6.0,11.0
3,17,58,18,313,313,331,349,367,385,21.0,21.0,19.0,19.0,19.0,21.0
3,18,91,16,337,337,353,369,385,401,8.0,8.0,9.0,12.0,13.0,8.0
3,19,79,22,346,346,368,390,412,434,3.0,3.0,3.0,3.0,3.0,16.0
3,20,81,19,329,329,348,367,386,405,11.0,12.0,12.0,11.0,11.0,15.0
3,21,95,18,329,329,347,365,383,401,12.0,13.0,14.0,14.0,14.0,2.0
3,22,95,20,333,333,353,373,393,413,9.0,9.0,8.0,8.0,8.0,3.0
3,23,55,20,317,317,337,357,377,397,19.0,18.0,17.0,16.0,15.0,22.0
4,0,71,18,317,317,335,353,371,389,20.0,18.0,18.0,17.0,17.0,17.0
4,1,70,16,320,320,336,352,368,384,18.0,17.0,19.0,19.0,18.0,18.0
4,2,57,12,301,301,313,325,337,349,24.0,24.0,24.0,24.0,24.0,24.0
4,3,79,18,328,328,346,364,382,400,12.0,10.0,10.0,10.0,10.0,14.0
4,4,67,17,329,329,346,363,380,397,11.0,11.0,12.0,13.0,13.0,21.0
4,5,65,14,310,310,324,338,352,366,23.0,23.0,23.0,23.0,23.0,23.0
4,6,68,16,313,313,329,345,361,377,22.0,22.0,22.0,21.0,21.0,20.0
4,7,86,13,322,322,335,348,361,374,17.0,19.0,21.0,22.0,22.0,10.0
4,8,82,20,315,315,335,355,375,395,21.0,20.0,17.0,15.0,15.0,12.0
4,9,97,23,359,359,382,405,428,451,2.0,2.0,2.0,2.0,2.0,2.0
4,10,98,20,355,355,375,395,415,435,4.0,5.0,5.0,5.0,6.0,1.0
4,11,94,16,326,326,342,358,374,390,15.0,16.0,15.0,16.0,16.0,3.0
4,12,93,20,348,348,368,388,408,428,7.0,8.0,7.0,7.0,7.0,5.0
4,13,88,25,364,364,389,414,439,464,1.0,1.0,1.0,1.0,1.0,9.0
4,14,67,16,339,339,355,371,387,403,9.0,9.0,9.0,9.0,9.0,22.0
4,15,94,22,356,356,378,400,422,444,3.0,3.0,3.0,4.0,4.0,4.0
4,16,90,23,354,354,377,400,423,446,5.0,4.0,4.0,3.0,3.0,7.0
4,17,82,18,325,325,343,361,379,397,16.0,15.0,14.0,14.0,14.0,13.0
4,18,76,13,332,332,345,358,371,384,10.0,13.0,16.0,18.0,19.0,15.0
4,19,85,17,353,353,370,387,404,421,6.0,6.0,8.0,8.0,8.0,11.0
4,20,90,18,328,328,346,364,382,400,13.0,12.0,11.0,11.0,11.0,8.0
4,21,70,16,319,319,335,351,367,383,19.0,21.0,20.0,20.0,20.0,19.0
4,22,91,23,346,346,369,392,415,438,8.0,7.0,6.0,6.0,5.0,6.0
4,23,74,18,327,327,345,363,381,399,14.0,14.0,13.0,12.0,12.0,16.0
5,0,72,19,332,332,351,370,389,408,10.0,10.0,10.0,11.0,10.0,13.0
5,1,98,22,354,354,376,398,420,442,1.0,1.0,2.0,2.0,2.0,1.0
5,2,55,12,297,297,309,321,333,345,24.0,24.0,24.0,24.0,24.0,20.0
5,3,76,21,327,327,348,369,390,411,12.0,12.0,11.0,9.0,8.0,11.0
5,4,82,18,336,336,354,372,390,408,7.0,8.0,9.0,10.0,11.0,8.0
5,5,89,21,347,347,368,389,410,431,3.0,3.0,4.0,4.0,4.0,5.0
5,6,89,20,341,341,361,381,401,421,6.0,5.0,5.0,5.0,5.0,6.0
5,7,79,19,342,342,361,380,399,418,5.0,6.0,6.0,6.0,6.0,9.0
5,8,65,18,331,331,349,367,385,403,11.0,11.0,12.0,12.0,12.0,15.0
5,9,63,16,315,315,331,347,363,379,19.0,19.0,19.0,19.0,18.0,17.0
5,10,68,19,323,323,342,361,380,399,14.0,14.0,13.0,13.0,13.0,14.0
5,11,50,16,311,311,327,343,359,375,20.0,20.0,20.0,20.0,20.0,23.0
5,12,58,18,323,323,341,359,377,395,15.0,15.0,14.0,14.0,14.0,19.0
5,13,50,15,309,309,324,339,354,369,22.0,21.0,21.0,21.0,21.0,24.0
5,14,64,15,303,303,318,333,348,363,23.0,23.0,23.0,23.0,22.0,16.0
5,15,61,18,322,322,340,358,376,394,16.0,16.0,16.0,15.0,15.0,18.0
5,16,78,16,327,327,343,359,375,391,13.0,13.0,15.0,16.0,16.0,10.0
5,17,93,22,346,346,368,390,412,434,4.0,4.0,3.0,3.0,3.0,4.0
5,18,75,21,334,334,355,376,397,418,9.0,7.0,7.0,7.0,7.0,12.0
5,19,54,15,319,319,334,349,364,379,18.0,18.0,18.0,18.0,19.0,21.0
5,20,94,19,335,335,354,373,392,411,8.0,9.0,8.0,8.0,9.0,3.0
5,21,85,16,320,320,336,352,368,384,17.0,17.0,17.0,17.0,17.0,7.0
5,22,51,13,311,311,324,337,350,363,21.0,22.0,22.0,22.0,23.0,22.0
5,23,97,23,353,353,376,399,422,445,2.0,2.0,1.0,1.0,1.0,2.0
6,0,97,20,344,344,364,384,404,424,4.0,4.0,4.0,5.0,5.0,1.0
6,1,82,17,317,317,334,351,368,385,19.0,19.0,19.0,18.0,17.0,9.0
6,2,70,20,328,328,348,368,388,408,14.0,14.0,13.0,13.0,13.0,16.0
6,3,94,22,355,355,377,399,421,443,1.0,1.0,1.0,1.0,1.0,3.0
6,4,53,11,292,292,303,314,325,336,24.0,24.0,24.0,24.0,24.0,23.0
6,5,89,20,333,333,353,373,393,413,11.0,11.0,10.0,10.0,10.0,5.0
6,6,85,19,330,330,349,368,387,406,13.0,13.0,14.0,14.0,14.0,6.0
6,7,83,16,325,325,341,357,373,389,16.0,16.0,16.0,16.0,16.0,8.0
6,8,69,19,335,335,354,373,392,411,10.0,10.0,11.0,11.0,11.0,17.0
6,9,84,19,344,344,363,382,401,420,5.0,5.0,6.0,7.0,8.0,7.0
6,10,64,18,328,328,346,364,382,400,15.0,15.0,15.0,15.0,15.0,19.0
6,11,60,15,325,325,340,355,370,385,17.0,17.0,17.0,17.0,18.0,21.0
6,12,69,11,310,310,321,332,343,354,21.0,21.0,22.0,23.0,23.0,18.0
6,13,52,15,306,306,321,336,351,366,22.0,22.0,21.0,21.0,21.0,24.0
6,14,95,20,341,341,361,381,401,421,7.0,7.0,8.0,8.0,7.0,2.0
6,15,61,16,311,311,327,343,359,375,20.0,20.0,20.0,20.0,20.0,20.0
6,16,55,15,301,301,316,331,346,361,23.0,23.0,23.0,22.0,22.0,22.0
6,17,75,21,331,331,352,373,394,415,12.0,12.0,12.0,9.0,9.0,14.0
6,18,81,21,340,340,361,382,403,424,8.0,8.0,7.0,6.0,6.0,10.0
6,19,79,21,342,342,363,384,405,426,6.0,6.0,5.0,4.0,4.0,11.0
6,20,72,18,338,338,356,374,392,410,9.0,9.0,9.0,12.0,12.0,15.0
6,21,92,16,320,320,336,352,368,384,18.0,18.0,18.0,19.0,19.0,4.0
6,22,78,22,349,349,371,393,415,437,2.0,2.0,2.0,2.0,2.0,12.0
6,23,78,20,347,347,367,387,407,427,3.0,3.0,3.0,3.0,3.0,13.0
7,0,78,19,333,333,352,371,390,409,8.0,8.0,8.0,8.0,9.0,17.0
7,1,90,13,322,322,335,348,361,374,16.0,18.0,19.0,19.0,19.0,6.0
7,2,62,13,302,302,315,328,341,354,21.0,21.0,22.0,23.0,23.0,22.0
7,3,91,24,343,343,367,391,415,439,2.0,2.0,1.0,1.0,1.0,5.0
7,4,54,19,314,314,333,352,371,390,19.0,19.0,18.0,16.0,16.0,23.0
7,5,67,14,300,300,314,328,342,356,22.0,22.0,23.0,22.0,22.0,19.0
7,6,90,20,337,337,357,377,397,417,5.0,6.0,6.0,6.0,6.0,7.0
7,7,92,22,347,347,369,391,413,435,1.0,1.0,2.0,3.0,3.0,4.0
7,8,63,17,330,330,347,364,381,398,10.0,10.0,11.0,12.0,12.0,21.0
7,9,98,24,342,342,366,390,414,438,4.0,3.0,3.0,2.0,2.0,2.0
7,10,66,15,299,299,314,329,344,359,23.0,23.0,21.0,21.0,21.0,20.0
7,11,90,17,324,324,341,358,375,392,13.0,14.0,14.0,14.0,14.0,8.0
7,12,99,24,334,334,358,382,406,430,7.0,5.0,5.0,5.0,5.0,1.0
7,13,88,19,335,335,354,373,392,411,6.0,7.0,7.0,7.0,7.0,12.0
7,14,80,16,322,322,338,354,370,386,17.0,15.0,16.0,17.0,17.0,16.0
7,15,89,20,330,330,350,370,390,410,11.0,9.0,9.0,9.0,8.0,10.0
7,16,90,20,323,323,343,363,383,403,14.0,13.0,12.0,11.0,11.0,9.0
7,17,94,16,331,331,347,363,379,395,9.0,11.0,13.0,13.0,13.0,3.0
7,18,85,18,319,319,337,355,373,391,18.0,17.0,15.0,15.0,15.0,13.0
7,19,84,19,328,328,347,366,385,404,12.0,12.0,10.0,10.0,10.0,14.0
7,20,89,22,343,343,365,387,409,431,3.0,4.0,4.0,4.0,4.0,11.0
7,21,78,15,312,312,327,342,357,372,20.0,20.0,20.0,20.0,20.0,18.0
7,22,84,15,323,323,338,353,368,383,15.0,16.0,17.0,18.0,18.0,15.0
7,23,50,11,295,295,306,317,328,339,24.0,24.0,24.0,24.0,24.0,24.0
8,0,73,18,332,332,350,368,386,404,9.0,10.0,11.0,12.0,13.0,9.0
8,1,59,15,310,310,325,340,355,370,23.0,22.0,22.0,22.0,21.0,17.0
8,2,60,14,327,327,341,355,369,383,12.0,16.0,18.0,18.0,19.0,15.0
8,3,62,17,327,327,344,361,378,395,13.0,14.0,14.0,14.0,15.0,14.0
8,4,53,17,324,324,341,358,375,392,16.0,17.0,17.0,17.0,17.0,23.0
8,5,71,20,326,326,346,366,386,406,14.0,12.0,12.0,13.0,12.0,11.0
8,6,55,11,311,311,322,333,344,355,22.0,23.0,23.0,23.0,23.0,21.0
8,7,72,15,324,324,339,354,369,384,17.0,19.0,19.0,19.0,18.0,10.0
8,8,97,21,333,333,354,375,396,417,8.0,8.0,8.0,8.0,8.0,2.0
8,9,77,19,321,321,340,359,378,397,19.0,18.0,15.0,15.0,14.0,8.0
8,10,84,20,339,339,359,379,399,419,6.0,6.0,6.0,6.0,6.0,7.0
8,11,57,14,314,314,328,342,356,370,21.0,21.0,21.0,21.0,22.0,20.0
8,12,69,21,334,334,355,376,397,418,7.0,7.0,7.0,7.0,7.0,13.0
8,13,55,21,330,330,351,372,393,414,10.0,9.0,9.0,9.0,9.0,22.0
8,14,96,25,361,361,386,411,436,461,1.0,1.0,1.0,1.0,1.0,4.0
8,15,70,21,324,324,345,366,387,408,18.0,13.0,13.0,11.0,11.0,12.0
8,16,58,20,330,330,350,370,390,410,11.0,11.0,10.0,10.0,10.0,18.0
8,17,60,17,325,325,342,359,376,393,15.0,15.0,16.0,16.0,16.0,16.0
8,18,99,21,347,347,368,389,410,431,3.0,3.0,3.0,3.0,3.0,1.0
8,19,50,8,301,301,309,317,325,333,24.0,24.0,24.0,24.0,24.0,24.0
8,20,58,14,320,320,334,348,362,376,20.0,20.0,20.0,20.0,20.0,19.0
8,21,93,20,341,341,361,381,401,421,4.0,5.0,5.0,5.0,5.0,5.0
8,22,87,21,341,341,362,383,404,425,5.0,4.0,4.0,4.0,4.0,6.0
8,23,97,22,352,352,374,396,418,440,2.0,2.0,2.0,2.0,2.0,3.0
9,0,83,21,345,345,366,387,408,429,2.0,2.0,2.0,2.0,2.0,11.0
9,1,60,11,304,304,315,326,337,348,22.0,22.0,22.0,22.0,22.0,21.0
9,2,67,18,321,321,339,357,375,393,17.0,16.0,16.0,16.0,16.0,17.0
9,3,50,12,299,299,311,323,335,347,23.0,23.0,23.0,23.0,23.0,24.0
9,4,97,20,332,332,352,372,392,412,8.0,7.0,7.0,6.0,6.0,2.0
9,5,76,22,333,333,355,377,399,421,6.0,5.0,5.0,3.0,3.0,14.0
9,6,77,19,327,327,346,365,384,403,11.0,12.0,10.0,11.0,11.0,13.0
9,7,88,21,336,336,357,378,399,420,5.0,4.0,3.0,4.0,4.0,8.0
9,8,93,27,365,365,392,419,446,473,1.0,1.0,1.0,1.0,1.0,5.0
9,9,66,15,324,324,339,354,369,384,14.0,17.0,17.0,18.0,18.0,18.0
9,10,98,20,338,338,358,378,398,418,3.0,3.0,4.0,5.0,5.0,1.0
9,11,91,17,331,331,348,365,382,399,9.0,9.0,11.0,13.0,13.0,6.0
9,12,56,16,313,313,329,345,361,377,20.0,19.0,19.0,19.0,19.0,22.0
9,13,95,19,333,333,352,371,390,409,7.0,8.0,8.0,8.0,7.0,3.0
9,14,54,13,293,293,306,319,332,345,24.0,24.0,24.0,24.0,24.0,23.0
9,15,86,15,314,314,329,344,359,374,19.0,20.0,20.0,20.0,20.0,9.0
9,16,72,17,319,319,336,353,370,387,18.0,18.0,18.0,17.0,17.0,16.0
9,17,83,17,327,327,344,361,378,395,12.0,13.0,14.0,15.0,15.0,12.0
9,18,65,18,329,329,347,365,383,401,10.0,10.0,12.0,12.0,12.0,19.0
9,19,94,19,323,323,342,361,380,399,15.0,15.0,15.0,14.0,14.0,4.0
9,20,84,18,337,337,355,373,391,409,4.0,6.0,6.0,7.0,8.0,10.0
9,21,63,16,305,305,321,337,353,369,21.0,21.0,21.0,21.0,21.0,20.0
9,22,91,20,327,327,347,367,387,407,13.0,11.0,9.0,9.0,9.0,7.0
9,23,73,21,323,323,344,365,386,407,16.0,14.0,13.0,10.0,10.0,15.0
10,0,69,23,342,342,365,388,411,434,6.0,6.0,6.0,5.0,4.0,13.0
10,1,51,17,322,322,339,356,373,390,18.0,17.0,17.0,17.0,17.0,24.0
10,2,90,18,339,339,357,375,393,411,7.0,9.0,10.0,10.0,10.0,5.0
10,3,93,21,358,358,379,400,421,442,3.0,3.0,3.0,3.0,3.0,3.0
10,4,100,22,361,361,383,405,427,449,1.0,2.0,2.0,2.0,2.0,1.0
10,5,72,18,334,334,352,370,388,406,13.0,12.0,12.0,12.0,13.0,12.0
10,6,78,16,321,321,337,353,369,385,19.0,18.0,18.0,18.0,18.0,8.0
10,7,73,18,335,335,353,371,389,407,11.0,11.0,11.0,11.0,11.0,11.0
10,8,62,13,323,323,336,349,362,375,17.0,19.0,19.0,20.0,20.0,18.0
10,9,67,20,337,337,357,377,397,417,9.0,10.0,9.0,9.0,9.0,14.0
10,10,84,21,339,339,360,381,402,423,8.0,7.0,7.0,8.0,8.0,6.0
10,11,59,16,317,317,333,349,365,381,20.0,20.0,20.0,19.0,19.0,20.0
10,12,54,15,332,332,347,362,377,392,14.0,14.0,16.0,16.0,16.0,22.0
10,13,66,11,310,310,321,332,343,354,24.0,24.0,24.0,24.0,24.0,15.0
10,14,96,20,327,327,347,367,387,407,15.0,15.0,14.0,13.0,12.0,2.0
10,15,84,22,346,346,368,390,412,434,5.0,5.0,4.0,4.0,5.0,7.0
10,16,78,22,337,337,359,381,403,425,10.0,8.0,8.0,7.0,7.0,9.0
10,17,66,17,335,335,352,369,386,403,12.0,13.0,13.0,14.0,14.0,16.0
10,18,91,25,361,361,386,411,436,461,2.0,1.0,1.0,1.0,1.0,4.0
10,19,63,18,327,327,345,363,381,399,16.0,16.0,15.0,15.0,15.0,17.0
10,20,76,20,349,349,369,389,409,429,4.0,4.0,5.0,6.0,6.0,10.0
10,21,61,12,313,313,325,337,349,361,22.0,22.0,23.0,23.0,23.0,19.0
10,22,59,14,311,311,325,339,353,367,23.0,23.0,22.0,21.0,21.0,21.0
10,23,52,13,314,314,327,340,353,366,21.0,21.0,21.0,22.0,22.0,23.0
11,0,67,20,322,322,342,362,382,402,15.0,13.0,13.0,13.0,11.0,15.0
11,1,100,23,362,362,385,408,431,454,1.0,1.0,1.0,1.0,1.0,1.0
11,2,84,22,346,346,368,390,412,434,4.0,4.0,4.0,4.0,4.0,12.0
11,3,66,19,304,304,323,342,361,380,21.0,19.0,19.0,19.0,17.0,16.0
11,4,97,21,345,345,366,387,408,429,6.0,5.0,5.0,5.0,5.0,4.0
11,5,57,13,294,294,307,320,333,346,23.0,23.0,23.0,23.0,23.0,22.0
11,6,58,14,306,306,320,334,348,362,20.0,21.0,20.0,20.0,20.0,20.0
11,7,89,17,325,325,342,359,376,393,13.0,14.0,15.0,15.0,15.0,11.0
11,8,100,17,346,346,363,380,397,414,5.0,6.0,6.0,7.0,8.0,2.0
11,9,90,21,338,338,359,380,401,422,7.0,7.0,7.0,6.0,6.0,9.0
11,10,97,20,331,331,351,371,391,411,10.0,10.0,9.0,9.0,9.0,5.0
11,11,97,18,330,330,348,366,384,402,11.0,11.0,11.0,11.0,12.0,6.0
11,12,58,15,319,319,334,349,364,379,16.0,16.0,16.0,16.0,18.0,21.0
11,13,64,13,303,303,316,329,342,355,22.0,22.0,22.0,22.0,21.0,17.0
11,14,64,19,326,326,345,364,383,402,12.0,12.0,12.0,12.0,13.0,18.0
11,15,61,11,311,311,322,333,344,355,18.0,20.0,21.0,21.0,22.0,19.0
11,16,90,18,335,335,353,371,389,407,8.0,8.0,10.0,10.0,10.0,10.0
11,17,77,23,351,351,374,397,420,443,3.0,3.0,3.0,3.0,3.0,13.0
11,18,55,17,311,311,328,345,362,379,19.0,18.0,18.0,18.0,19.0,24.0
11,19,100,21,332,332,353,374,395,416,9.0,9.0,8.0,8.0,7.0,3.0
11,20,93,24,353,353,377,401,425,449,2.0,2.0,2.0,2.0,2.0,7.0
11,21,69,17,313,313,330,347,364,381,17.0,17.0,17.0,17.0,16.0,14.0
11,22,91,18,324,324,342,360,378,396,14.0,15.0,14.0,14.0,14.0,8.0
11,23,57,11,287,287,298,309,320,331,24.0,24.0,24.0,24.0,24.0,23.0
12,0,86,17,322,322,339,356,373,390,16.0,17.0,17.0,16.0,16.0,6.0
12,1,51,17,314,314,331,348,365,382,20.0,19.0,19.0,19.0,19.0,23.0
12,2,63,16,325,325,341,357,373,389,14.0,15.0,16.0,17.0,17.0,17.0
12,3,100,20,341,341,361,381,401,421,5.0,5.0,4.0,4.0,4.0,1.0
12,4,50,17,309,309,326,343,360,377,22.0,21.0,21.0,20.0,20.0,24.0
12,5,58,14,311,311,325,339,353,367,21.0,22.0,22.0,22.0,22.0,21.0
12,6,95,22,352,352,374,396,418,440,1.0,1.0,1.0,1.0,2.0,3.0
12,7,81,21,320,320,341,362,383,404,18.0,16.0,14.0,13.0,11.0,7.0
12,8,75,20,327,327,347,367,387,407,13.0,12.0,12.0,9.0,9.0,14.0
12,9,79,23,348,348,371,394,417,440,2.0,2.0,2.0,3.0,3.0,10.0
12,10,54,13,301,301,314,327,340,353,24.0,24.0,24.0,23.0,23.0,22.0
12,11,79,16,322,322,338,354,370,386,17.0,18.0,18.0,18.0,18.0,11.0
12,12,63,18,332,332,350,368,386,404,11.0,11.0,11.0,11.0,12.0,18.0
12,13,76,19,339,339,358,377,396,415,6.0,6.0,6.0,6.0,8.0,12.0
12,14,67,18,328,328,346,364,382,400,12.0,13.0,13.0,14.0,14.0,16.0
12,15,62,14,317,317,331,345,359,373,19.0,20.0,20.0,21.0,21.0,19.0
12,16,61,11,307,307,318,329,340,351,23.0,23.0,23.0,24.0,24.0,20.0
12,17,73,18,333,333,351,369,387,405,9.0,10.0,9.0,10.0,10.0,15.0
12,18,76,17,325,325,342,359,376,393,15.0,14.0,15.0,15.0,15.0,13.0
12,19,81,17,335,335,352,369,386,403,8.0,9.0,10.0,12.0,13.0,8.0
12,20,89,24,346,346,370,394,418,442,3.0,3.0,3.0,2.0,1.0,5.0
12,21,95,19,343,343,362,381,400,419,4.0,4.0,5.0,5.0,5.0,4.0
12,22,81,21,333,333,354,375,396,417,10.0,8.0,8.0,7.0,6.0,9.0
12,23,100,20,336,336,356,376,396,416,7.0,7.0,7.0,8.0,7.0,2.0
13,0,78,17,302,302,319,336,353,370,20.0,18.0,18.0,18.0,18.0,10.0
13,1,66,12,291,291,303,315,327,339,24.0,24.0,24.0,24.0,24.0,13.0
13,2,87,21,337,337,358,379,400,421,8.0,4.0,4.0,4.0,4.0,5.0
13,3,54,19,311,311,330,349,368,387,16.0,16.0,16.0,14.0,14.0,22.0
13,4,64,16,335,335,351,367,383,399,9.0,9.0,10.0,11.0,11.0,14.0
13,5,85,19,316,316,335,354,373,392,13.0,13.0,12.0,12.0,12.0,6.0
13,6,60,14,297,297,311,325,339,353,22.0,22.0,22.0,21.0,21.0,18.0
13,7,90,17,338,338,355,372,389,406,5.0,8.0,8.0,9.0,9.0,2.0
13,8,50,18,314,314,332,350,368,386,14.0,14.0,15.0,15.0,15.0,24.0
13,9,80,25,346,346,371,396,421,446,2.0,2.0,2.0,2.0,2.0,8.0
13,10,89,21,342,342,363,384,405,426,3.0,3.0,3.0,3.0,3.0,3.0
13,11,59,14,304,304,318,332,346,360,19.0,19.0,19.0,20.0,20.0,21.0
13,12,61,15,323,323,338,353,368,383,12.0,12.0,13.0,16.0,16.0,17.0
13,13,96,20,326,326,346,366,386,406,10.0,11.0,11.0,10.0,10.0,1.0
13,14,63,19,313,313,332,351,370,389,15.0,15.0,14.0,13.0,13.0,15.0
13,15,51,14,294,294,308,322,336,350,23.0,23.0,23.0,23.0,22.0,23.0
13,16,60,15,302,302,317,332,347,362,21.0,20.0,20.0,19.0,19.0,19.0
13,17,62,11,306,306,317,328,339,350,17.0,21.0,21.0,22.0,23.0,16.0
13,18,73,18,340,340,358,376,394,412,4.0,5.0,6.0,6.0,7.0,11.0
13,19,88,30,368,368,398,428,458,488,1.0,1.0,1.0,1.0,1.0,4.0
13,20,85,18,338,338,356,374,392,410,6.0,7.0,7.0,7.0,8.0,7.0
13,21,60,22,325,325,347,369,391,413,11.0,10.0,9.0,8.0,6.0,20.0
13,22,70,17,306,306,323,340,357,374,18.0,17.0,17.0,17.0,17.0,12.0
13,23,80,20,338,338,358,378,398,418,7.0,6.0,5.0,5.0,5.0,9.0
14,0,82,14,328,328,342,356,370,384,12.0,13.0,14.0,15.0,15.0,11.0
14,1,66,16,308,308,324,340,356,372,23.0,22.0,22.0,22.0,21.0,17.0
14,2,92,18,334,334,352,370,388,406,8.0,9.0,9.0,9.0,9.0,7.0
14,3,72,15,324,324,339,354,369,384,13.0,15.0,16.0,16.0,16.0,15.0
14,4,71,18,320,320,338,356,374,392,18.0,16.0,15.0,14.0,14.0,16.0
14,5,95,23,351,351,374,397,420,443,1.0,2.0,2.0,2.0,2.0,5.0
14,6,64,15,323,323,338,353,368,383,14.0,17.0,17.0,17.0,17.0,18.0
14,7,59,17,309,309,326,343,360,377,22.0,21.0,21.0,19.0,19.0,22.0
14,8,96,15,322,322,337,352,367,382,16.0,18.0,18.0,18.0,18.0,3.0
14,9,62,14,316,316,330,344,358,372,19.0,19.0,19.0,21.0,22.0,19.0
14,10,77,25,351,351,376,401,426,451,2.0,1.0,1.0,1.0,1.0,13.0
14,11,95,21,342,342,363,384,405,426,4.0,4.0,4.0,4.0,4.0,6.0
14,12,62,11,313,313,324,335,346,357,20.0,23.0,23.0,23.0,23.0,20.0
14,13,84,19,322,322,341,360,379,398,17.0,14.0,13.0,13.0,13.0,10.0
14,14,97,24,347,347,371,395,419,443,3.0,3.0,3.0,3.0,3.0,2.0
14,15,54,20,323,323,343,363,383,403,15.0,12.0,12.0,12.0,11.0,23.0
14,16,82,22,338,338,360,382,404,426,7.0,5.0,5.0,5.0,5.0,12.0
14,17,73,18,331,331,349,367,385,403,11.0,11.0,11.0,11.0,12.0,14.0
14,18,96,23,332,332,355,378,401,424,10.0,8.0,6.0,6.0,6.0,4.0
14,19,98,18,339,339,357,375,393,411,6.0,7.0,8.0,8.0,8.0,1.0
14,20,50,16,312,312,328,344,360,376,21.0,20.0,20.0,20.0,20.0,24.0
14,21,62,13,303,303,316,329,342,355,24.0,24.0,24.0,24.0,24.0,21.0
14,22,85,18,334,334,352,370,388,406,9.0,10.0,10.0,10.0,10.0,9.0
14,23,86,19,340,340,359,378,397,416,5.0,6.0,7.0,7.0,7.0,8.0
15,0,89,23,331,331,354,377,400,423,5.0,5.0,4.0,4.0,3.0,7.0
15,1,55,12,313,313,325,337,349,361,16.0,16.0,20.0,20.0,20.0,20.0
15,2,50,16,309,309,325,341,357,373,17.0,17.0,18.0,18.0,18.0,23.0
15,3,50,13,292,292,305,318,331,344,24.0,24.0,24.0,24.0,24.0,24.0
15,4,61,17,324,324,341,358,375,392,11.0,12.0,12.0,13.0,13.0,16.0
15,5,83,20,336,336,356,376,396,416,4.0,4.0,5.0,5.0,5.0,10.0
15,6,59,16,308,308,324,340,356,372,18.0,19.0,19.0,19.0,19.0,18.0
15,7,62,13,306,306,319,332,345,358,20.0,21.0,21.0,21.0,21.0,15.0
15,8,56,18,306,306,324,342,360,378,21.0,20.0,16.0,16.0,16.0,19.0
15,9,71,16,321,321,337,353,369,385,13.0,15.0,15.0,15.0,15.0,13.0
15,10,90,24,340,340,364,388,412,436,2.0,2.0,2.0,2.0,2.0,5.0
15,11,96,18,330,330,348,366,384,402,6.0,8.0,9.0,9.0,9.0,2.0
15,12,97,25,357,357,382,407,432,457,1.0,1.0,1.0,1.0,1.0,1.0
15,13,53,17,308,308,325,342,359,376,19.0,18.0,17.0,17.0,17.0,21.0
15,14,68,18,327,327,345,363,381,399,10.0,10.0,10.0,10.0,11.0,14.0
15,15,89,21,329,329,350,371,392,413,7.0,6.0,6.0,6.0,6.0,8.0
15,16,61,14,300,300,314,328,342,356,23.0,23.0,22.0,22.0,22.0,17.0
15,17,88,19,324,324,343,362,381,400,12.0,11.0,11.0,11.0,10.0,9.0
15,18,91,21,339,339,360,381,402,423,3.0,3.0,3.0,3.0,4.0,4.0
15,19,90,21,329,329,350,371,392,413,8.0,7.0,7.0,7.0,7.0,6.0
15,20,95,20,318,318,338,358,378,398,15.0,13.0,13.0,12.0,12.0,3.0
15,21,79,17,321,321,338,355,372,389,14.0,14.0,14.0,14.0,14.0,11.0
15,22,52,13,302,302,315,328,341,354,22.0,22.0,23.0,23.0,23.0,22.0
15,23,77,20,328,328,348,368,388,408,9.0,9.0,8.0,8.0,8.0,12.0
16,0,59,15,320,320,335,350,365,380,15.0,15.0,16.0,17.0,18.0,16.0
16,1,58,19,332,332,351,370,389,408,12.0,12.0,11.0,10.0,10.0,18.0
16,2,73,20,322,322,342,362,382,402,14.0,14.0,13.0,12.0,12.0,10.0
16,3,88,17,343,343,360,377,394,411,6.0,8.0,8.0,8.0,9.0,4.0
16,4,50,16,317,317,333,349,365,381,18.0,17.0,17.0,18.0,17.0,24.0
16,5,69,20,333,333,353,373,393,413,11.0,10.0,9.0,9.0,8.0,13.0
16,6,93,21,350,350,371,392,413,434,3.0,4.0,4.0,4.0,4.0,3.0
16,7,73,22,351,351,373,395,417,439,2.0,2.0,3.0,3.0,3.0,11.0
16,8,59,14,310,310,324,338,352,366,24.0,24.0,24.0,24.0,24.0,17.0
16,9,60,14,318,318,332,346,360,374,16.0,18.0,20.0,22.0,22.0,15.0
16,10,52,18,317,317,335,353,371,389,19.0,16.0,15.0,15.0,15.0,20.0
16,11,96,24,348,348,372,396,420,444,4.0,3.0,2.0,2.0,2.0,2.0
16,12,81,14,340,340,354,368,382,396,9.0,9.0,12.0,13.0,13.0,8.0
16,13,78,20,341,341,361,381,401,421,7.0,6.0,6.0,6.0,6.0,9.0
16,14,51,18,312,312,330,348,366,384,23.0,23.0,18.0,16.0,16.0,23.0
16,15,52,15,316,316,331,346,361,376,20.0,21.0,21.0,20.0,20.0,21.0
16,16,72,14,318,318,332,346,360,374,17.0,19.0,22.0,23.0,23.0,12.0
16,17,83,17,327,327,344,361,378,395,13.0,13.0,14.0,14.0,14.0,7.0
16,18,88,20,341,341,361,381,401,421,8.0,7.0,7.0,7.0,7.0,5.0
16,19,62,18,335,335,353,371,389,407,10.0,11.0,10.0,11.0,11.0,14.0
16,20,56,15,316,316,331,346,361,376,21.0,22.0,23.0,21.0,21.0,19.0
16,21,52,16,316,316,332,348,364,380,22.0,20.0,19.0,19.0,19.0,22.0
16,22,99,25,362,362,387,412,437,462,1.0,1.0,1.0,1.0,1.0,1.0
16,23,88,20,347,347,367,387,407,427,5.0,5.0,5.0,5.0,5.0,6.0
17,0,50,13,306,306,319,332,345,358,24.0,24.0,23.0,23.0,23.0,24.0
17,1,94,19,352,352,371,390,409,428,2.0,3.0,4.0,4.0,5.0,5.0
17,2,62,15,311,311,326,341,356,371,20.0,20.0,19.0,19.0,19.0,17.0
17,3,95,26,354,354,380,406,432,458,1.0,1.0,1.0,1.0,1.0,4.0
17,4,99,23,352,352,375,398,421,444,3.0,2.0,2.0,2.0,2.0,1.0
17,5,97,23,346,346,369,392,415,438,4.0,4.0,3.0,3.0,3.0,3.0
17,6,68,17,326,326,343,360,377,394,11.0,12.0,12.0,13.0,13.0,15.0
17,7,62,15,311,311,326,341,356,371,21.0,21.0,20.0,20.0,20.0,18.0
17,8,55,17,314,314,331,348,365,382,18.0,18.0,18.0,18.0,17.0,21.0
17,9,98,14,326,326,340,354,368,382,12.0,13.0,16.0,17.0,18.0,2.0
17,10,84,21,333,333,354,375,396,417,9.0,9.0,8.0,8.0,8.0,10.0
17,11,62,19,326,326,345,364,383,402,13.0,11.0,11.0,11.0,11.0,19.0
17,12,75,18,322,322,340,358,376,394,14.0,14.0,14.0,14.0,14.0,13.0
17,13,51,13,314,314,327,340,353,366,19.0,19.0,21.0,21.0,22.0,23.0
17,14,53,11,310,310,321,332,343,354,22.0,23.0,24.0,24.0,24.0,22.0
17,15,63,19,321,321,340,359,378,397,15.0,15.0,13.0,12.0,12.0,16.0
17,16,70,17,319,319,336,353,370,387,17.0,17.0,17.0,16.0,16.0,14.0
17,17,88,18,332,332,350,368,386,404,10.0,10.0,10.0,10.0,10.0,7.0
17,18,59,15,307,307,322,337,352,367,23.0,22.0,22.0,22.0,21.0,20.0
17,19,83,18,321,321,339,357,375,393,16.0,16.0,15.0,15.0,15.0,12.0
17,20,87,17,341,341,358,375,392,409,7.0,8.0,9.0,9.0,9.0,8.0
17,21,86,21,344,344,365,386,407,428,5.0,5.0,5.0,6.0,6.0,9.0
17,22,84,22,342,342,364,386,408,430,6.0,6.0,6.0,5.0,4.0,11.0
17,23,94,21,338,338,359,380,401,422,8.0,7.0,7.0,7.0,7.0,6.0
18,0,96,20,327,327,347,367,387,407,9.0,8.0,7.0,6.0,7.0,6.0
18,1,68,19,330,330,349,368,387,406,7.0,6.0,6.0,7.0,8.0,18.0
18,2,56,15,314,314,329,344,359,374,16.0,17.0,18.0,19.0,20.0,24.0
18,3,62,18,317,317,335,353,371,389,14.0,14.0,14.0,14.0,12.0,22.0
18,4,98,19,310,310,329,348,367,386,19.0,18.0,17.0,16.0,16.0,3.0
18,5,74,17,304,304,321,338,355,372,21.0,21.0,21.0,21.0,21.0,14.0
18,6,100,19,328,328,347,366,385,404,8.0,9.0,8.0,9.0,9.0,1.0
18,7,71,16,325,325,341,357,373,389,10.0,12.0,12.0,12.0,13.0,16.0
18,8,75,20,334,334,354,374,394,414,5.0,5.0,4.0,4.0,4.0,12.0
18,9,94,22,320,320,342,364,386,408,13.0,10.0,10.0,8.0,6.0,8.0
18,10,59,12,295,295,307,319,331,343,23.0,23.0,23.0,23.0,23.0,23.0
18,11,99,19,323,323,342,361,380,399,12.0,11.0,11.0,11.0,10.0,2.0
18,12,87,19,336,336,355,374,393,412,3.0,4.0,5.0,5.0,5.0,11.0
18,13,94,17,331,331,348,365,382,399,6.0,7.0,9.0,10.0,11.0,9.0
18,14,73,19,313,313,332,351,370,389,17.0,15.0,15.0,15.0,14.0,15.0
18,15,68,17,315,315,332,349,366,383,15.0,16.0,16.0,17.0,17.0,19.0
18,16,65,16,305,305,321,337,353,369,20.0,22.0,22.0,22.0,22.0,21.0
18,17,97,24,335,335,359,383,407,431,4.0,3.0,2.0,2.0,2.0,5.0
18,18,68,16,311,311,327,343,359,375,18.0,19.0,19.0,20.0,19.0,20.0
18,19,75,16,325,325,341,357,373,389,11.0,13.0,13.0,13.0,15.0,13.0
18,20,69,10,290,290,300,310,320,330,24.0,24.0,24.0,24.0,24.0,17.0
18,21,98,23,354,354,377,400,423,446,1.0,1.0,1.0,1.0,1.0,4.0
18,22,91,20,343,343,363,383,403,423,2.0,2.0,3.0,3.0,3.0,10.0
18,23,96,19,303,303,322,341,360,379,22.0,20.0,20.0,18.0,18.0,7.0
19,0,91,23,344,344,367,390,413,436,5.0,4.0,3.0,3.0,3.0,6.0
19,1,53,16,298,298,314,330,346,362,23.0,23.0,23.0,23.0,23.0,21.0
19,2,97,23,356,356,379,402,425,448,1.0,1.0,1.0,1.0,1.0,2.0
19,3,82,18,337,337,355,373,391,409,6.0,8.0,10.0,10.0,10.0,10.0
19,4,72,17,323,323,340,357,374,391,14.0,15.0,15.0,15.0,15.0,13.0
19,5,94,23,334,334,357,380,403,426,10.0,6.0,6.0,6.0,6.0,3.0
19,6,51,16,316,316,332,348,364,380,17.0,19.0,20.0,20.0,20.0,22.0
19,7,94,19,352,352,371,390,409,428,3.0,3.0,4.0,4.0,5.0,4.0
19,8,93,23,353,353,376,399,422,445,2.0,2.0,2.0,2.0,2.0,5.0
19,9,87,21,346,346,367,388,409,430,4.0,5.0,5.0,5.0,4.0,7.0
19,10,50,18,316,316,334,352,370,388,18.0,17.0,17.0,17.0,17.0,23.0
19,11,58,6,289,289,295,301,307,313,24.0,24.0,24.0,24.0,24.0,18.0
19,12,58,18,323,323,341,359,377,395,15.0,14.0,14.0,14.0,14.0,19.0
19,13,85,20,334,334,354,374,394,414,11.0,10.0,9.0,8.0,8.0,8.0
19,14,100,17,332,332,349,366,383,400,12.0,12.0,12.0,11.0,11.0,1.0
19,15,75,20,335,335,355,375,395,415,8.0,9.0,7.0,7.0,7.0,12.0
19,16,85,17,330,330,347,364,381,398,13.0,13.0,13.0,13.0,13.0,9.0
19,17,68,19,314,314,333,352,371,390,21.0,18.0,18.0,16.0,16.0,14.0
19,18,68,16,335,335,351,367,383,399,9.0,11.0,11.0,12.0,12.0,15.0
19,19,67,17,319,319,336,353,370,387,16.0,16.0,16.0,18.0,18.0,16.0
19,20,56,14,311,311,325,339,353,367,22.0,22.0,22.0,22.0,22.0,20.0
19,21,50,15,315,315,330,345,360,375,19.0,21.0,21.0,21.0,21.0,24.0
19,22,60,17,315,315,332,349,366,383,20.0,20.0,19.0,19.0,19.0,17.0
19,23,82,19,337,337,356,375,394,413,7.0,7.0,8.0,9.0,9.0,11.0
20,0,68,16,329,329,345,361,377,393,8.0,10.0,12.0,13.0,13.0,10.0
20,1,61,15,305,305,320,335,350,365,21.0,20.0,20.0,20.0,20.0,13.0
20,2,54,17,325,325,342,359,376,393,11.0,13.0,14.0,14.0,14.0,20.0
20,3,96,25,346,346,371,396,421,446,1.0,2.0,2.0,2.0,2.0,1.0
20,4,87,20,346,346,366,386,406,426,2.0,3.0,3.0,4.0,4.0,4.0
20,5,58,14,289,289,303,317,331,345,24.0,24.0,24.0,24.0,24.0,17.0
20,6,53,16,300,300,316,332,348,364,22.0,22.0,22.0,21.0,21.0,21.0
20,7,84,22,327,327,349,371,393,415,10.0,7.0,6.0,6.0,5.0,5.0
20,8,64,20,323,323,343,363,383,403,13.0,11.0,10.0,9.0,9.0,11.0
20,9,76,26,346,346,372,398,424,450,3.0,1.0,1.0,1.0,1.0,8.0
20,10,63,19,322,322,341,360,379,398,15.0,14.0,13.0,12.0,12.0,12.0
20,11,93,21,344,344,365,386,407,428,4.0,4.0,4.0,3.0,3.0,2.0
20,12,59,14,315,315,329,343,357,371,16.0,17.0,18.0,18.0,18.0,16.0
20,13,57,20,323,323,343,363,383,403,14.0,12.0,11.0,10.0,10.0,18.0
20,14,51,18,312,312,330,348,366,384,18.0,16.0,16.0,16.0,16.0,23.0
20,15,50,15,295,295,310,325,340,355,23.0,23.0,23.0,23.0,23.0,24.0
20,16,74,17,332,332,349,366,383,400,6.0,8.0,9.0,11.0,11.0,9.0
20,17,84,20,329,329,349,369,389,409,9.0,9.0,7.0,7.0,7.0,6.0
20,18,81,18,332,332,350,368,386,404,7.0,6.0,8.0,8.0,8.0,7.0
20,19,52,15,314,314,329,344,359,374,17.0,18.0,17.0,17.0,17.0,22.0
20,20,61,17,324,324,341,358,375,392,12.0,15.0,15.0,15.0,15.0,14.0
20,21,55,13,307,307,320,333,346,359,20.0,21.0,21.0,22.0,22.0,19.0
20,22,61,15,308,308,323,338,353,368,19.0,19.0,19.0,19.0,19.0,15.0
20,23,88,19,339,339,358,377,396,415,5.0,5.0,5.0,5.0,6.0,3.0
21,0,72,18,326,326,344,362,380,398,13.0,13.0,12.0,13.0,14.0,15.0
21,1,96,21,339,339,360,381,402,423,4.0,4.0,4.0,3.0,3.0,3.0
21,2,85,16,335,335,351,367,383,399,5.0,8.0,9.0,10.0,12.0,10.0
21,3,80,18,327,327,345,363,381,399,12.0,11.0,11.0,11.0,13.0,12.0
21,4,78,19,333,333,352,371,390,409,6.0,7.0,8.0,8.0,8.0,13.0
21,5,77,17,333,333,350,367,384,401,7.0,10.0,10.0,9.0,9.0,14.0
21,6,53,9,292,292,301,310,319,328,24.0,24.0,24.0,24.0,24.0,23.0
21,7,92,19,324,324,343,362,381,400,14.0,14.0,13.0,12.0,10.0,7.0
21,8,88,26,364,364,390,416,442,468,1.0,1.0,1.0,1.0,1.0,8.0
21,9,61,16,310,310,326,342,358,374,21.0,20.0,20.0,20.0,20.0,20.0
21,10,71,17,311,311,328,345,362,379,18.0,18.0,18.0,18.0,18.0,16.0
21,11,63,17,322,322,339,356,373,390,16.0,16.0,16.0,16.0,16.0,18.0
21,12,94,22,349,349,371,393,415,437,2.0,2.0,2.0,2.0,2.0,6.0
21,13,54,13,311,311,324,337,350,363,19.0,22.0,22.0,22.0,22.0,22.0
21,14,96,23,330,330,353,376,399,422,9.0,6.0,6.0,6.0,5.0,4.0
21,15,95,19,344,344,363,382,401,420,3.0,3.0,3.0,4.0,6.0,5.0
21,16,59,20,320,320,340,360,380,400,17.0,15.0,15.0,14.0,11.0,21.0
21,17,53,16,309,309,325,341,357,373,22.0,21.0,21.0,21.0,21.0,24.0
21,18,86,21,330,330,351,372,393,414,10.0,9.0,7.0,7.0,7.0,9.0
21,19,63,14,307,307,321,335,349,363,23.0,23.0,23.0,23.0,23.0,19.0
21,20,83,16,323,323,339,355,371,387,15.0,17.0,17.0,17.0,17.0,11.0
21,21,97,23,331,331,354,377,400,423,8.0,5.0,5.0,5.0,4.0,2.0
21,22,65,16,311,311,327,343,359,375,20.0,19.0,19.0,19.0,19.0,17.0
21,23,98,16,329,329,345,361,377,393,11.0,12.0,14.0,15.0,15.0,1.0
22,0,69,18,322,322,340,358,376,394,16.0,14.0,13.0,13.0,12.0,14.0
22,1,50,12,302,302,314,326,338,350,24.0,24.0,24.0,24.0,24.0,22.0
22,2,77,23,340,340,363,386,409,432,5.0,4.0,3.0,3.0,3.0,8.0
22,3,72,16,323,323,339,355,371,387,15.0,16.0,15.0,16.0,16.0,12.0
22,4,57,15,305,305,320,335,350,365,22.0,22.0,22.0,22.0,22.0,19.0
22,5,77,19,328,328,347,366,385,404,12.0,11.0,10.0,10.0,10.0,9.0
22,6,71,16,329,329,345,361,377,393,11.0,12.0,12.0,12.0,13.0,13.0
22,7,96,22,342,342,364,386,408,430,3.0,3.0,4.0,4.0,4.0,2.0
22,8,56,15,304,304,319,334,349,364,23.0,23.0,23.0,23.0,23.0,20.0
22,9,88,22,334,334,356,378,400,422,8.0,6.0,6.0,6.0,6.0,5.0
22,10,58,15,320,320,335,350,365,380,18.0,19.0,19.0,19.0,19.0,17.0
22,11,96,27,372,372,399,426,453,480,1.0,1.0,1.0,1.0,1.0,3.0
22,12,53,15,325,325,340,355,370,385,14.0,15.0,16.0,17.0,17.0,21.0
22,13,84,19,331,331,350,369,388,407,9.0,9.0,9.0,9.0,8.0,6.0
22,14,68,16,306,306,322,338,354,370,21.0,21.0,21.0,21.0,21.0,15.0
22,15,50,18,319,319,337,355,373,391,19.0,17.0,17.0,15.0,14.0,23.0
22,16,68,15,321,321,336,351,366,381,17.0,18.0,18.0,18.0,18.0,16.0
22,17,90,21,342,342,363,384,405,426,4.0,5.0,5.0,5.0,5.0,4.0
22,18,50,19,337,337,356,375,394,413,7.0,7.0,7.0,7.0,7.0,24.0
22,19,100,22,351,351,373,395,417,439,2.0,2.0,2.0,2.0,2.0,1.0
22,20,76,16,326,326,342,358,374,390,13.0,13.0,14.0,14.0,15.0,10.0
22,21,74,18,330,330,348,366,384,402,10.0,10.0,11.0,11.0,11.0,11.0
22,22,78,17,338,338,355,372,389,406,6.0,8.0,8.0,8.0,9.0,7.0
22,23,58,16,309,309,325,341,357,373,20.0,20.0,20.0,20.0,20.0,18.0
23,0,58,15,294,294,309,324,339,354,24.0,24.0,23.0,23.0,23.0,23.0
23,1,83,17,344,344,361,378,395,412,3.0,3.0,5.0,6.0,6.0,7.0
23,2,81,23,345,345,368,391,414,437,2.0,2.0,2.0,2.0,2.0,8.0
23,3,75,18,317,317,335,353,371,389,17.0,17.0,16.0,16.0,16.0,12.0
23,4,79,19,323,323,342,361,380,399,13.0,11.0,10.0,11.0,11.0,9.0
23,5,85,18,319,319,337,355,373,391,15.0,16.0,15.0,15.0,15.0,4.0
23,6,62,12,313,313,325,337,349,361,19.0,20.0,21.0,22.0,22.0,21.0
23,7,84,18,337,337,355,373,391,409,5.0,7.0,7.0,7.0,7.0,5.0
23,8,96,19,327,327,346,365,384,403,9.0,9.0,9.0,9.0,9.0,2.0
23,9,79,18,332,332,350,368,386,404,8.0,8.0,8.0,8.0,8.0,10.0
23,10,65,10,300,300,310,320,330,340,23.0,23.0,24.0,24.0,24.0,18.0
23,11,74,18,313,313,331,349,367,385,20.0,19.0,18.0,17.0,17.0,13.0
23,12,68,17,325,325,342,359,376,393,10.0,12.0,13.0,14.0,14.0,15.0
23,13,86,20,336,336,356,376,396,416,6.0,6.0,6.0,5.0,5.0,3.0
23,14,84,20,341,341,361,381,401,421,4.0,4.0,4.0,4.0,4.0,6.0
23,15,64,20,321,321,341,361,381,401,14.0,13.0,11.0,10.0,10.0,20.0
23,16,55,14,308,308,322,336,350,364,21.0,21.0,22.0,21.0,21.0,24.0
23,17,68,18,325,325,343,361,379,397,11.0,10.0,12.0,12.0,13.0,16.0
23,18,79,24,336,336,360,384,408,432,7.0,5.0,3.0,3.0,3.0,11.0
23,19,100,26,365,365,391,417,443,469,1.0,1.0,1.0,1.0,1.0,1.0
23,20,65,20,318,318,338,358,378,398,16.0,14.0,14.0,13.0,12.0,19.0
23,21,61,18,303,303,321,339,357,375,22.0,22.0,20.0,20.0,20.0,22.0
23,22,69,16,316,316,332,348,364,380,18.0,18.0,19.0,19.0,18.0,14.0
23,23,68,14,324,324,338,352,366,380,12.0,15.0,17.0,18.0,19.0,17.0
24,0,77,18,340,340,358,376,394,412,5.0,6.0,8.0,8.0,9.0,9.0
24,1,56,16,317,317,333,349,365,381,15.0,15.0,15.0,16.0,16.0,23.0
24,2,59,14,313,313,327,341,355,369,16.0,18.0,18.0,20.0,20.0,20.0
24,3,96,27,359,359,386,413,440,467,1.0,1.0,1.0,1.0,1.0,1.0
24,4,63,20,340,340,360,380,400,420,6.0,5.0,5.0,5.0,5.0,13.0
24,5,51,12,305,305,317,329,341,353,21.0,21.0,22.0,22.0,23.0,24.0
24,6,89,20,337,337,357,377,397,417,7.0,7.0,6.0,6.0,6.0,2.0
24,7,82,22,326,326,348,370,392,414,13.0,11.0,10.0,9.0,8.0,7.0
24,8,84,22,351,351,373,395,417,439,2.0,2.0,2.0,2.0,2.0,6.0
24,9,63,12,301,301,313,325,337,349,23.0,23.0,24.0,24.0,24.0,14.0
24,10,57,13,304,304,317,330,343,356,22.0,22.0,21.0,21.0,21.0,22.0
24,11,63,21,322,322,343,364,385,406,14.0,13.0,13.0,12.0,12.0,15.0
24,12,86,20,349,349,369,389,409,429,4.0,4.0,4.0,4.0,4.0,5.0
24,13,89,19,335,335,354,373,392,411,9.0,9.0,9.0,10.0,10.0,3.0
24,14,63,15,296,296,311,326,341,356,24.0,24.0,23.0,23.0,22.0,16.0
24,15,74,16,308,308,324,340,356,372,19.0,19.0,19.0,19.0,19.0,10.0
24,16,58,17,313,313,330,347,364,381,17.0,17.0,17.0,17.0,17.0,21.0
24,17,74,18,313,313,331,349,367,385,18.0,16.0,16.0,15.0,15.0,11.0
24,18,63,17,306,306,323,340,357,374,20.0,20.0,20.0,18.0,18.0,17.0
24,19,74,22,350,350,372,394,416,438,3.0,3.0,3.0,3.0,3.0,12.0
24,20,63,15,327,327,342,357,372,387,12.0,14.0,14.0,14.0,14.0,18.0
24,21,63,20,328,328,348,368,388,408,11.0,12.0,11.0,11.0,11.0,19.0
24,22,82,20,337,337,357,377,397,417,8.0,8.0,7.0,7.0,7.0,8.0
24,23,89,16,335,335,351,367,383,399,10.0,10.0,12.0,13.0,13.0,4.0
25,0,85,17,322,322,339,356,373,390,14.0,14.0,14.0,14.0,15.0,8.0
25,1,58,19,314,314,333,352,371,390,18.0,17.0,16.0,16.0,16.0,19.0
25,2,89,20,330,330,350,370,390,410,10.0,10.0,9.0,9.0,9.0,7.0
25,3,81,19,323,323,342,361,380,399,13.0,13.0,13.0,12.0,12.0,10.0
25,4,50,14,290,290,304,318,332,346,24.0,24.0,24.0,24.0,23.0,24.0
25,5,58,14,309,309,323,337,351,365,21.0,21.0,21.0,22.0,22.0,20.0
25,6,73,22,339,339,361,383,405,427,4.0,3.0,3.0,3.0,3.0,13.0
25,7,95,20,340,340,360,380,400,420,3.0,4.0,5.0,5.0,5.0,4.0
25,8,66,17,334,334,351,368,385,402,8.0,9.0,10.0,11.0,11.0,15.0
25,9,96,20,339,339,359,379,399,419,5.0,6.0,6.0,6.0,6.0,2.0
25,10,53,16,320,320,336,352,368,384,15.0,16.0,17.0,17.0,17.0,23.0
25,11,84,20,334,334,354,374,394,414,9.0,8.0,8.0,8.0,7.0,9.0
25,12,65,16,304,304,320,336,352,368,22.0,22.0,22.0,21.0,21.0,16.0
25,13,62,15,310,310,325,340,355,370,20.0,20.0,20.0,20.0,20.0,18.0
25,14,100,23,352,352,375,398,421,444,2.0,2.0,2.0,1.0,1.0,1.0
25,15,56,11,300,300,311,322,333,344,23.0,23.0,23.0,23.0,24.0,21.0
25,16,94,21,339,339,360,381,402,423,6.0,5.0,4.0,4.0,4.0,6.0
25,17,75,18,319,319,337,355,373,391,16.0,15.0,15.0,15.0,14.0,12.0
25,18,64,17,311,311,328,345,362,379,19.0,19.0,19.0,18.0,18.0,17.0
25,19,56,14,318,318,332,346,360,374,17.0,18.0,18.0,19.0,19.0,22.0
25,20,95,22,355,355,377,399,421,443,1.0,1.0,1.0,2.0,2.0,5.0
25,21,68,20,328,328,348,368,388,408,11.0,11.0,11.0,10.0,10.0,14.0
25,22,96,19,338,338,357,376,395,414,7.0,7.0,7.0,7.0,8.0,3.0
25,23,81,18,326,326,344,362,380,398,12.0,12.0,12.0,13.0,13.0,11.0
26,0,75,17,325,325,342,359,376,393,11.0,12.0,13.0,13.0,13.0,17.0
26,1,76,17,314,314,331,348,365,382,18.0,17.0,17.0,17.0,16.0,16.0
26,2,86,18,324,324,342,360,378,396,14.0,13.0,12.0,12.0,12.0,7.0
26,3,67,18,317,317,335,353,371,389,16.0,16.0,14.0,14.0,14.0,19.0
26,4,63,14,325,325,339,353,367,381,12.0,14.0,15.0,16.0,17.0,22.0
26,5,91,20,339,339,359,379,399,419,4.0,4.0,5.0,5.0,5.0,3.0
26,6,80,16,313,313,329,345,361,377,19.0,19.0,18.0,18.0,19.0,12.0
26,7,87,25,358,358,383,408,433,458,1.0,1.0,1.0,1.0,1.0,6.0
26,8,90,20,334,334,354,374,394,414,6.0,6.0,6.0,6.0,6.0,4.0
26,9,95,23,342,342,365,388,411,434,3.0,3.0,3.0,2.0,2.0,2.0
26,10,82,18,325,325,343,361,379,397,13.0,11.0,11.0,11.0,11.0,10.0
26,11,62,15,311,311,326,341,356,371,20.0,20.0,20.0,21.0,21.0,23.0
26,12,82,21,327,327,348,369,390,411,10.0,10.0,9.0,8.0,8.0,11.0
26,13,66,15,323,323,338,353,368,383,15.0,15.0,16.0,15.0,15.0,20.0
26,14,84,23,336,336,359,382,405,428,5.0,5.0,4.0,4.0,4.0,9.0
26,15,79,13,299,299,312,325,338,351,23.0,23.0,23.0,23.0,23.0,13.0
26,16,78,18,331,331,349,367,385,403,8.0,9.0,10.0,10.0,10.0,14.0
26,17,90,21,347,347,368,389,410,431,2.0,2.0,2.0,3.0,3.0,5.0
26,18,65,13,297,297,310,323,336,349,24.0,24.0,24.0,24.0,24.0,21.0
26,19,85,18,334,334,352,370,388,406,7.0,7.0,8.0,9.0,9.0,8.0
26,20,78,19,303,303,322,341,360,379,22.0,22.0,21.0,19.0,18.0,15.0
26,21,54,15,310,310,325,340,355,370,21.0,21.0,22.0,22.0,22.0,24.0
26,22,73,14,317,317,331,345,359,373,17.0,18.0,19.0,20.0,20.0,18.0
26,23,100,21,329,329,350,371,392,413,9.0,8.0,7.0,7.0,7.0,1.0
27,0,53,16,320,320,336,352,368,384,15.0,16.0,16.0,16.0,17.0,21.0
27,1,90,17,337,337,354,371,388,405,6.0,6.0,8.0,8.0,8.0,3.0
27,2,68,18,319,319,337,355,373,391,16.0,15.0,14.0,14.0,14.0,13.0
27,3,60,16,307,307,323,339,355,371,21.0,21.0,21.0,21.0,21.0,18.0
27,4,100,23,347,347,370,393,416,439,3.0,3.0,3.0,3.0,3.0,1.0
27,5,88,22,332,332,354,376,398,420,8.0,7.0,6.0,5.0,4.0,5.0
27,6,50,15,302,302,317,332,347,362,22.0,22.0,22.0,22.0,22.0,24.0
27,7,80,18,331,331,349,367,385,403,9.0,9.0,9.0,9.0,10.0,9.0
27,8,70,20,334,334,354,374,394,414,7.0,8.0,7.0,7.0,7.0,11.0
27,9,65,16,322,322,338,354,370,386,14.0,14.0,15.0,15.0,15.0,15.0
27,10,58,15,316,316,331,346,361,376,18.0,18.0,18.0,18.0,20.0,19.0
27,11,70,19,328,328,347,366,385,404,10.0,10.0,10.0,10.0,9.0,12.0
27,12,94,23,349,349,372,395,418,441,2.0,2.0,2.0,2.0,2.0,2.0
27,13,51,17,309,309,326,343,360,377,20.0,20.0,20.0,20.0,18.0,23.0
27,14,80,19,324,324,343,362,381,400,13.0,13.0,12.0,12.0,11.0,10.0
27,15,89,19,341,341,360,379,398,417,4.0,4.0,5.0,6.0,6.0,4.0
27,16,57,11,282,282,293,304,315,326,24.0,24.0,24.0,24.0,24.0,20.0
27,17,66,17,317,317,334,351,368,385,17.0,17.0,17.0,17.0,16.0,14.0
27,18,63,15,301,301,316,331,346,361,23.0,23.0,23.0,23.0,23.0,16.0
27,19,84,18,326,326,344,362,380,398,12.0,12.0,13.0,13.0,13.0,7.0
27,20,61,18,328,328,346,364,382,400,11.0,11.0,11.0,11.0,12.0,17.0
27,21,82,24,351,351,375,399,423,447,1.0,1.0,1.0,1.0,1.0,8.0
27,22,52,16,313,313,329,345,361,377,19.0,19.0,19.0,19.0,19.0,22.0
27,23,87,20,340,340,360,380,400,420,5.0,5.0,4.0,4.0,5.0,6.0
28,0,84,18,318,318,336,354,372,390,18.0,18.0,17.0,17.0,15.0,11.0
28,1,69,13,316,316,329,342,355,368,20.0,21.0,22.0,22.0,22.0,16.0
28,2,90,20,347,347,367,387,407,427,3.0,4.0,4.0,4.0,4.0,4.0
28,3,81,17,334,334,351,368,385,402,8.0,11.0,11.0,11.0,11.0,13.0
28,4,53,15,316,316,331,346,361,376,21.0,20.0,20.0,21.0,21.0,24.0
28,5,96,24,345,345,369,393,417,441,4.0,3.0,2.0,2.0,2.0,1.0
28,6,59,20,332,332,352,372,392,412,11.0,10.0,10.0,10.0,10.0,22.0
28,7,87,17,332,332,349,366,383,400,12.0,12.0,12.0,12.0,12.0,7.0
28,8,84,21,343,343,364,385,406,427,5.0,5.0,5.0,5.0,5.0,12.0
28,9,91,21,337,337,358,379,400,421,7.0,6.0,6.0,6.0,6.0,3.0
28,10,75,16,332,332,348,364,380,396,13.0,13.0,13.0,13.0,13.0,15.0
28,11,77,15,323,323,338,353,368,383,14.0,17.0,18.0,19.0,19.0,14.0
28,12,61,17,322,322,339,356,373,390,16.0,15.0,15.0,15.0,16.0,20.0
28,13,89,20,351,351,371,391,411,431,2.0,2.0,3.0,3.0,3.0,6.0
28,14,57,11,307,307,318,329,340,351,24.0,24.0,24.0,24.0,24.0,23.0
28,15,60,17,322,322,339,356,373,390,17.0,16.0,16.0,16.0,17.0,21.0
28,16,67,18,310,310,328,346,364,382,23.0,22.0,21.0,20.0,20.0,18.0
28,17,90,19,338,338,357,376,395,414,6.0,7.0,7.0,7.0,7.0,5.0
28,18,87,20,333,333,353,373,393,413,9.0,8.0,8.0,8.0,8.0,8.0
28,19,69,17,323,323,340,357,374,391,15.0,14.0,14.0,14.0,14.0,17.0
28,20,65,12,312,312,324,336,348,360,22.0,23.0,23.0,23.0,23.0,19.0
28,21,96,26,369,369,395,421,447,473,1.0,1.0,1.0,1.0,1.0,2.0
28,22,87,18,317,317,335,353,371,389,19.0,19.0,19.0,18.0,18.0,9.0
28,23,85,20,333,333,353,373,393,413,10.0,9.0,9.0,9.0,9.0,10.0
29,0,83,15,312,312,327,342,357,372,19.0,20.0,19.0,19.0,19.0,8.0
29,1,92,22,333,333,355,377,399,421,10.0,8.0,6.0,6.0,6.0,3.0
29,2,77,17,311,311,328,345,362,379,20.0,18.0,18.0,18.0,18.0,11.0
29,3,96,23,357,357,380,403,426,449,1.0,1.0,2.0,2.0,2.0,1.0
29,4,66,17,315,315,332,349,366,383,16.0,17.0,17.0,17.0,17.0,17.0
29,5,73,17,332,332,349,366,383,400,11.0,11.0,11.0,11.0,11.0,13.0
29,6,72,16,332,332,348,364,380,396,12.0,12.0,12.0,12.0,12.0,14.0
29,7,62,19,314,314,333,352,371,390,17.0,16.0,16.0,15.0,15.0,20.0
29,8,53,14,301,301,315,329,343,357,22.0,22.0,22.0,22.0,22.0,22.0
29,9,94,17,328,328,345,362,379,396,13.0,13.0,13.0,13.0,13.0,2.0
29,10,50,15,294,294,309,324,339,354,23.0,23.0,23.0,23.0,23.0,23.0
29,11,76,19,319,319,338,357,376,395,15.0,14.0,14.0,14.0,14.0,12.0
29,12,82,17,340,340,357,374,391,408,5.0,6.0,8.0,9.0,10.0,9.0
29,13,85,20,342,342,362,382,402,422,4.0,4.0,4.0,4.0,4.0,7.0
29,14,65,17,320,320,337,354,371,388,14.0,15.0,15.0,16.0,16.0,19.0
29,15,66,15,308,308,323,338,353,368,21.0,21.0,21.0,21.0,21.0,18.0
29,16,56,12,293,293,305,317,329,341,24.0,24.0,24.0,24.0,24.0,21.0
29,17,67,19,339,339,358,377,396,415,6.0,5.0,7.0,7.0,7.0,16.0
29,18,89,25,355,355,380,405,430,455,2.0,2.0,1.0,1.0,1.0,6.0
29,19,71,18,337,337,355,373,391,409,7.0,9.0,10.0,10.0,9.0,15.0
29,20,50,14,314,314,328,342,356,370,18.0,19.0,20.0,20.0,20.0,24.0
29,21,91,20,334,334,354,374,394,414,8.0,10.0,9.0,8.0,8.0,4.0
29,22,91,22,344,344,366,388,410,432,3.0,3.0,3.0,3.0,3.0,5.0
29,23,82,22,334,334,356,378,400,422,9.0,7.0,5.0,5.0,5.0,10.0
30,0,63,11,299,299,310,321,332,343,23.0,24.0,24.0,24.0,24.0,13.0
30,1,57,14,298,298,312,326,340,354,24.0,23.0,23.0,23.0,22.0,18.0
30,2,83,20,331,331,351,371,391,411,7.0,7.0,7.0,7.0,7.0,7.0
30,3,57,15,328,328,343,358,373,388,11.0,14.0,16.0,16.0,16.0,19.0
30,4,59,15,310,310,325,340,355,370,19.0,19.0,19.0,20.0,20.0,16.0
30,5,90,21,350,350,371,392,413,434,1.0,2.0,2.0,2.0,2.0,4.0
30,6,95,21,349,349,370,391,412,433,3.0,3.0,3.0,3.0,3.0,2.0
30,7,61,18,331,331,349,367,385,403,8.0,9.0,9.0,10.0,11.0,14.0
30,8,50,16,300,300,316,332,348,364,21.0,22.0,21.0,21.0,21.0,22.0
30,9,70,17,315,315,332,349,366,383,17.0,17.0,17.0,17.0,17.0,10.0
30,10,94,19,331,331,350,369,388,407,9.0,8.0,8.0,8.0,8.0,3.0
30,11,90,20,343,343,363,383,403,423,5.0,5.0,5.0,5.0,5.0,5.0
30,12,72,21,346,346,367,388,409,430,4.0,4.0,4.0,4.0,4.0,9.0
30,13,50,11,310,310,321,332,343,354,20.0,20.0,22.0,22.0,23.0,23.0
30,14,96,22,350,350,372,394,416,438,2.0,1.0,1.0,1.0,1.0,1.0
30,15,58,16,315,315,331,347,363,379,18.0,18.0,18.0,18.0,18.0,17.0
30,16,60,20,320,320,340,360,380,400,16.0,16.0,15.0,14.0,14.0,15.0
30,17,78,20,339,339,359,379,399,419,6.0,6.0,6.0,6.0,6.0,8.0
30,18,68,19,323,323,342,361,380,399,15.0,15.0,14.0,15.0,15.0,11.0
30,19,50,20,324,324,344,364,384,404,14.0,12.0,12.0,12.0,10.0,24.0
30,20,54,19,300,300,319,338,357,376,22.0,21.0,20.0,19.0,19.0,20.0
30,21,65,19,325,325,344,363,382,401,13.0,13.0,13.0,13.0,13.0,12.0
30,22,85,18,331,331,349,367,385,403,10.0,10.0,10.0,11.0,12.0,6.0
30,23,54,20,326,326,346,366,386,406,12.0,11.0,11.0,9.0,9.0,21.0
31,0,98,18,320,320,338,356,374,392,12.0,12.0,12.0,12.0,12.0,4.0
31,1,84,22,331,331,353,375,397,419,10.0,10.0,9.0,6.0,6.0,11.0
31,2,96,22,340,340,362,384,406,428,3.0,3.0,3.0,3.0,3.0,5.0
31,3,100,22,333,333,355,377,399,421,8.0,7.0,4.0,4.0,4.0,1.0
31,4,88,15,318,318,333,348,363,378,14.0,14.0,15.0,15.0,16.0,8.0
31,5,60,14,316,316,330,344,358,372,15.0,17.0,18.0,19.0,19.0,19.0
31,6,80,20,327,327,347,367,387,407,11.0,11.0,11.0,11.0,11.0,12.0
31,7,58,15,295,295,310,325,340,355,23.0,23.0,23.0,23.0,22.0,20.0
31,8,99,21,354,354,375,396,417,438,1.0,1.0,1.0,1.0,1.0,3.0
31,9,58,13,309,309,322,335,348,361,20.0,20.0,21.0,21.0,21.0,21.0
31,10,85,20,336,336,356,376,396,416,6.0,6.0,6.0,7.0,7.0,10.0
31,11,63,17,311,311,328,345,362,379,19.0,18.0,17.0,16.0,15.0,17.0
31,12,51,13,302,302,315,328,341,354,21.0,22.0,22.0,22.0,23.0,24.0
31,13,96,19,339,339,358,377,396,415,4.0,4.0,5.0,8.0,8.0,6.0
31,14,100,20,335,335,355,375,395,415,7.0,8.0,10.0,9.0,9.0,2.0
31,15,94,19,338,338,357,376,395,414,5.0,5.0,7.0,10.0,10.0,7.0
31,16,57,15,294,294,309,324,339,354,24.0,24.0,24.0,24.0,24.0,22.0
31,17,74,22,332,332,354,376,398,420,9.0,9.0,8.0,5.0,5.0,15.0
31,18,52,18,300,300,318,336,354,372,22.0,21.0,20.0,20.0,20.0,23.0
31,19,76,22,348,348,370,392,414,436,2.0,2.0,2.0,2.0,2.0,14.0
31,20,61,18,315,315,333,351,369,387,17.0,15.0,13.0,13.0,13.0,18.0
31,21,79,16,319,319,335,351,367,383,13.0,13.0,14.0,14.0,14.0,13.0
31,22,86,16,312,312,328,344,360,376,18.0,19.0,19.0,18.0,17.0,9.0
31,23,71,15,316,316,331,346,361,376,16.0,16.0,16.0,17.0,18.0,16.0
32,0,87,21,334,334,355,376,397,418,5.0,5.0,5.0,5.0,5.0,8.0
32,1,63,18,326,326,344,362,380,398,12.0,12.0,12.0,12.0,12.0,20.0
32,2,70,15,321,321,336,351,366,381,16.0,16.0,18.0,20.0,20.0,17.0
32,3,70,13,310,310,323,336,349,362,22.0,22.0,22.0,22.0,22.0,18.0
32,4,80,19,334,334,353,372,391,410,6.0,6.0,6.0,7.0,7.0,11.0
32,5,98,19,332,332,351,370,389,408,7.0,8.0,8.0,8.0,9.0,1.0
32,6,87,22,346,346,368,390,412,434,3.0,3.0,3.0,3.0,3.0,9.0
32,7,79,20,329,329,349,369,389,409,10.0,9.0,9.0,9.0,8.0,12.0
32,8,52,11,308,308,319,330,341,352,23.0,23.0,23.0,23.0,23.0,23.0
32,9,89,16,314,314,330,346,362,378,20.0,21.0,21.0,21.0,21.0,6.0
32,10,78,19,322,322,341,360,379,398,14.0,13.0,13.0,13.0,13.0,13.0
32,11,69,17,322,322,339,356,373,390,15.0,15.0,14.0,15.0,15.0,19.0
32,12,94,24,350,350,374,398,422,446,2.0,2.0,2.0,2.0,1.0,3.0
32,13,91,18,331,331,349,367,385,403,9.0,10.0,10.0,11.0,11.0,5.0
32,14,96,22,357,357,379,401,423,445,1.0,1.0,1.0,1.0,2.0,2.0
32,15,78,16,319,319,335,351,367,383,17.0,19.0,19.0,18.0,19.0,14.0
32,16,60,20,316,316,336,356,376,396,19.0,17.0,15.0,14.0,14.0,21.0
32,17,53,10,291,291,301,311,321,331,24.0,24.0,24.0,24.0,24.0,22.0
32,18,87,20,332,332,352,372,392,412,8.0,7.0,7.0,6.0,6.0,10.0
32,19,52,18,318,318,336,354,372,390,18.0,18.0,17.0,16.0,16.0,24.0
32,20,76,18,313,313,331,349,367,385,21.0,20.0,20.0,19.0,18.0,15.0
32,21,89,16,324,324,340,356,372,388,13.0,14.0,16.0,17.0,17.0,7.0
32,22,92,21,338,338,359,380,401,422,4.0,4.0,4.0,4.0,4.0,4.0
32,23,71,19,329,329,348,367,386,405,11.0,11.0,11.0,10.0,10.0,16.0
33,0,76,21,329,329,350,371,392,413,7.0,6.0,6.0,6.0,6.0,9.0
33,1,80,24,347,347,371,395,419,443,2.0,2.0,2.0,2.0,2.0,8.0
33,2,100,20,344,344,364,384,404,424,3.0,3.0,3.0,3.0,4.0,1.0
33,3,88,14,321,321,335,349,363,377,14.0,16.0,16.0,18.0,19.0,5.0
33,4,68,19,326,326,345,364,383,402,12.0,11.0,11.0,11.0,11.0,14.0
33,5,65,14,306,306,320,334,348,362,23.0,22.0,22.0,22.0,22.0,16.0
33,6,87,19,328,328,347,366,385,404,8.0,8.0,9.0,9.0,9.0,6.0
33,7,60,16,311,311,327,343,359,375,19.0,21.0,21.0,21.0,21.0,19.0
33,8,100,24,358,358,382,406,430,454,1.0,1.0,1.0,1.0,1.0,2.0
33,9,54,11,264,264,275,286,297,308,24.0,24.0,24.0,24.0,24.0,21.0
33,10,76,17,328,328,345,362,379,396,9.0,12.0,12.0,12.0,12.0,10.0
33,11,75,17,324,324,341,358,375,392,13.0,13.0,13.0,14.0,14.0,11.0
33,12,51,12,307,307,319,331,343,355,22.0,23.0,23.0,23.0,23.0,22.0
33,13,68,18,319,319,337,355,373,391,15.0,15.0,15.0,15.0,15.0,15.0
33,14,91,21,341,341,362,383,404,425,4.0,4.0,4.0,4.0,3.0,4.0
33,15,51,17,313,313,330,347,364,381,18.0,18.0,17.0,16.0,17.0,23.0
33,16,64,19,319,319,338,357,376,395,16.0,14.0,14.0,13.0,13.0,17.0
33,17,82,20,330,330,350,370,390,410,6.0,7.0,7.0,7.0,7.0,7.0
33,18,56,15,317,317,332,347,362,377,17.0,17.0,18.0,19.0,20.0,20.0
33,19,73,20,327,327,347,367,387,407,10.0,9.0,8.0,8.0,8.0,13.0
33,20,97,20,341,341,361,381,401,421,5.0,5.0,5.0,5.0,5.0,3.0
33,21,74,18,310,310,328,346,364,382,21.0,19.0,19.0,17.0,16.0,12.0
33,22,50,17,311,311,328,345,362,379,20.0,20.0,20.0,20.0,18.0,24.0
33,23,63,19,327,327,346,365,384,403,11.0,10.0,10.0,10.0,10.0,18.0
34,0,95,19,336,336,355,374,393,412,7.0,7.0,7.0,7.0,7.0,3.0
34,1,94,18,331,331,349,367,385,403,10.0,11.0,11.0,13.0,13.0,4.0
34,2,69,19,331,331,350,369,388,407,11.0,9.0,9.0,9.0,9.0,16.0
34,3,79,17,313,313,330,347,364,381,18.0,18.0,17.0,17.0,17.0,10.0
34,4,76,15,316,316,331,346,361,376,17.0,17.0,18.0,18.0,18.0,12.0
34,5,60,15,305,305,320,335,350,365,21.0,21.0,21.0,21.0,21.0,20.0
34,6,75,18,326,326,344,362,380,398,13.0,13.0,15.0,15.0,15.0,13.0
34,7,80,23,340,340,363,386,409,432,5.0,3.0,2.0,2.0,2.0,9.0
34,8,74,21,323,323,344,365,386,407,14.0,14.0,13.0,11.0,10.0,14.0
34,9,59,21,323,323,344,365,386,407,15.0,15.0,14.0,12.0,11.0,21.0
34,10,94,17,332,332,349,366,383,400,8.0,12.0,12.0,14.0,14.0,5.0
34,11,63,14,311,311,325,339,353,367,19.0,19.0,20.0,20.0,20.0,19.0
34,12,58,13,299,299,312,325,338,351,22.0,22.0,22.0,22.0,22.0,22.0
34,13,67,16,322,322,338,354,370,386,16.0,16.0,16.0,16.0,16.0,17.0
34,14,52,13,292,292,305,318,331,344,24.0,23.0,23.0,23.0,23.0,24.0
34,15,98,25,354,354,379,404,429,454,1.0,1.0,1.0,1.0,1.0,1.0
34,16,71,20,342,342,362,382,402,422,3.0,4.0,4.0,5.0,5.0,15.0
34,17,86,19,341,341,360,379,398,417,4.0,5.0,6.0,6.0,6.0,7.0
34,18,85,22,337,337,359,381,403,425,6.0,6.0,5.0,4.0,3.0,8.0
34,19,79,20,344,344,364,384,404,424,2.0,2.0,3.0,3.0,4.0,11.0
34,20,64,17,307,307,324,341,358,375,20.0,20.0,19.0,19.0,19.0,18.0
34,21,96,20,332,332,352,372,392,412,9.0,8.0,8.0,8.0,8.0,2.0
34,22,54,11,294,294,305,316,327,338,23.0,24.0,24.0,24.0,24.0,23.0
34,23,88,19,331,331,350,369,388,407,12.0,10.0,10.0,10.0,12.0,6.0
35,0,59,17,332,332,349,366,383,400,9.0,10.0,12.0,12.0,12.0,19.0
35,1,56,18,320,320,338,356,374,392,17.0,16.0,16.0,16.0,16.0,20.0
35,2,65,16,318,318,334,350,366,382,20.0,19.0,19.0,19.0,19.0,15.0
35,3,51,18,328,328,346,364,382,400,14.0,13.0,13.0,13.0,13.0,21.0
35,4,79,18,344,344,362,380,398,416,5.0,6.0,8.0,8.0,8.0,8.0
35,5,77,17,312,312,329,346,363,380,22.0,22.0,20.0,20.0,20.0,9.0
35,6,81,23,339,339,362,385,408,431,7.0,7.0,5.0,5.0,4.0,6.0
35,7,69,21,330,330,351,372,393,414,11.0,9.0,9.0,9.0,9.0,14.0
35,8,97,25,357,357,382,407,432,457,1.0,1.0,1.0,1.0,1.0,3.0
35,9,76,19,330,330,349,368,387,406,12.0,11.0,10.0,10.0,10.0,11.0
35,10,64,16,319,319,335,351,367,383,19.0,18.0,18.0,18.0,18.0,16.0
35,11,99,20,349,349,369,389,409,429,4.0,4.0,4.0,4.0,5.0,1.0
35,12,51,16,309,309,325,341,357,373,23.0,23.0,23.0,21.0,21.0,22.0
35,13,99,22,351,351,373,395,417,439,2.0,2.0,2.0,2.0,2.0,2.0
35,14,71,16,320,320,336,352,368,384,18.0,17.0,17.0,17.0,17.0,13.0
35,15,62,10,324,324,334,344,354,364,15.0,20.0,21.0,23.0,23.0,17.0
35,16,50,12,295,295,307,319,331,343,24.0,24.0,24.0,24.0,24.0,24.0
35,17,76,20,343,343,363,383,403,423,6.0,5.0,6.0,6.0,7.0,12.0
35,18,80,16,330,330,346,362,378,394,13.0,14.0,14.0,14.0,15.0,7.0
35,19,90,21,350,350,371,392,413,434,3.0,3.0,3.0,3.0,3.0,4.0
35,20,61,13,317,317,330,343,356,369,21.0,21.0,22.0,22.0,22.0,18.0
35,21,51,18,323,323,341,359,377,395,16.0,15.0,15.0,15.0,14.0,23.0
35,22,77,18,331,331,349,367,385,403,10.0,12.0,11.0,11.0,11.0,10.0
35,23,89,22,337,337,359,381,403,425,8.0,8.0,7.0,7.0,6.0,5.0
36,0,74,17,336,336,353,370,387,404,9.0,10.0,10.0,10.0,11.0,14.0
36,1,97,19,341,341,360,379,398,417,8.0,8.0,7.0,7.0,7.0,3.0
36,2,93,27,364,364,391,418,445,472,1.0,1.0,1.0,1.0,1.0,5.0
36,3,56,12,302,302,314,326,338,350,23.0,23.0,23.0,23.0,24.0,21.0
36,4,100,22,354,354,376,398,420,442,2.0,2.0,2.0,2.0,2.0,1.0
36,5,81,21,333,333,354,375,396,417,10.0,9.0,9.0,8.0,8.0,8.0
36,6,66,14,333,333,347,361,375,389,11.0,12.0,16.0,16.0,17.0,17.0
36,7,92,22,345,345,367,389,411,433,5.0,5.0,5.0,5.0,5.0,6.0
36,8,73,15,305,305,320,335,350,365,21.0,21.0,21.0,21.0,21.0,15.0
36,9,100,19,327,327,346,365,384,403,14.0,14.0,12.0,12.0,12.0,2.0
36,10,76,15,332,332,347,362,377,392,13.0,13.0,14.0,15.0,15.0,11.0
36,11,51,13,299,299,312,325,338,351,24.0,24.0,24.0,24.0,23.0,23.0
36,12,71,18,333,333,351,369,387,405,12.0,11.0,11.0,11.0,10.0,16.0
36,13,94,22,349,349,371,393,415,437,3.0,3.0,3.0,4.0,4.0,4.0
36,14,65,16,320,320,336,352,368,384,18.0,18.0,18.0,18.0,18.0,18.0
36,15,59,15,307,307,322,337,352,367,20.0,20.0,19.0,19.0,19.0,20.0
36,16,55,16,303,303,319,335,351,367,22.0,22.0,22.0,20.0,20.0,22.0
36,17,65,17,323,323,340,357,374,391,16.0,17.0,17.0,17.0,16.0,19.0
36,18,51,13,310,310,323,336,349,362,19.0,19.0,20.0,22.0,22.0,24.0
36,19,84,19,327,327,346,365,384,403,15.0,15.0,13.0,13.0,13.0,7.0
36,20,77,20,322,322,342,362,382,402,17.0,16.0,15.0,14.0,14.0,10.0
36,21,80,16,346,346,362,378,394,410,4.0,7.0,8.0,9.0,9.0,9.0
36,22,76,20,343,343,363,383,403,423,7.0,6.0,6.0,6.0,6.0,12.0
36,23,76,24,344,344,368,392,416,440,6.0,4.0,4.0,3.0,3.0,13.0
37,0,98,21,346,346,367,388,409,430,2.0,2.0,3.0,3.0,4.0,2.0
37,1,50,13,309,309,322,335,348,361,19.0,19.0,21.0,22.0,22.0,24.0
37,2,96,21,328,328,349,370,391,412,7.0,7.0,7.0,7.0,7.0,3.0
37,3,54,11,304,304,315,326,337,348,22.0,23.0,23.0,23.0,23.0,22.0
37,4,94,19,321,321,340,359,378,397,13.0,13.0,12.0,11.0,11.0,5.0
37,5,99,23,350,350,373,396,419,442,1.0,1.0,1.0,1.0,1.0,1.0
37,6,64,18,320,320,338,356,374,392,15.0,15.0,15.0,14.0,15.0,18.0
37,7,75,15,305,305,320,335,350,365,20.0,21.0,22.0,21.0,21.0,11.0
37,8,82,18,327,327,345,363,381,399,8.0,9.0,10.0,10.0,10.0,7.0
37,9,86,20,342,342,362,382,402,422,4.0,4.0,5.0,5.0,5.0,6.0
37,10,74,19,317,317,336,355,374,393,16.0,16.0,16.0,15.0,14.0,12.0
37,11,82,21,323,323,344,365,386,407,12.0,10.0,9.0,9.0,8.0,8.0
37,12,69,19,321,321,340,359,378,397,14.0,14.0,13.0,12.0,12.0,17.0
37,13,59,15,312,312,327,342,357,372,18.0,18.0,18.0,18.0,18.0,19.0
37,14,95,24,337,337,361,385,409,433,5.0,5.0,4.0,4.0,3.0,4.0
37,15,80,20,335,335,355,375,395,415,6.0,6.0,6.0,6.0,6.0,9.0
37,16,72,23,344,344,367,390,413,436,3.0,3.0,2.0,2.0,2.0,14.0
37,17,77,15,315,315,330,345,360,375,17.0,17.0,17.0,17.0,17.0,10.0
37,18,70,16,304,304,320,336,352,368,23.0,22.0,20.0,20.0,20.0,15.0
37,19,57,20,327,327,347,367,387,407,9.0,8.0,8.0,8.0,9.0,20.0
37,20,70,16,325,325,341,357,373,389,10.0,12.0,14.0,16.0,16.0,16.0
37,21,55,11,283,283,294,305,316,327,24.0,24.0,24.0,24.0,24.0,21.0
37,22,74,18,324,324,342,360,378,396,11.0,11.0,11.0,13.0,13.0,13.0
37,23,53,16,305,305,321,337,353,369,21.0,20.0,19.0,19.0,19.0,23.0
38,0,66,13,303,303,316,329,342,355,21.0,21.0,22.0,22.0,22.0,17.0
38,1,75,16,324,324,340,356,372,388,16.0,16.0,17.0,18.0,18.0,13.0
38,2,88,22,351,351,373,395,417,439,1.0,1.0,1.0,1.0,1.0,6.0
38,3,92,17,331,331,348,365,382,399,12.0,12.0,12.0,12.0,13.0,4.0
38,4,77,16,328,328,344,360,376,392,14.0,14.0,15.0,16.0,16.0,12.0
38,5,66,19,325,325,344,363,382,401,15.0,15.0,13.0,13.0,12.0,18.0
38,6,70,20,332,332,352,372,392,412,9.0,8.0,8.0,8.0,8.0,16.0
38,7,53,15,313,313,328,343,358,373,19.0,20.0,20.0,20.0,20.0,23.0
38,8,73,21,311,311,332,353,374,395,20.0,19.0,18.0,17.0,15.0,15.0
38,9,55,7,284,284,291,298,305,312,24.0,24.0,24.0,24.0,24.0,22.0
38,10,57,18,316,316,334,352,370,388,18.0,18.0,19.0,19.0,19.0,21.0
38,11,86,21,349,349,370,391,412,433,2.0,2.0,2.0,2.0,3.0,8.0
38,12,80,19,347,347,366,385,404,423,3.0,3.0,4.0,4.0,5.0,10.0
38,13,81,21,335,335,356,377,398,419,7.0,7.0,7.0,7.0,7.0,9.0
38,14,90,20,331,331,351,371,391,411,13.0,10.0,9.0,9.0,9.0,5.0
38,15,64,15,332,332,347,362,377,392,10.0,13.0,14.0,15.0,17.0,19.0
38,16,99,24,340,340,364,388,412,436,5.0,4.0,3.0,3.0,2.0,1.0
38,17,99,18,334,334,352,370,388,406,8.0,9.0,10.0,11.0,11.0,2.0
38,18,58,16,286,286,302,318,334,350,23.0,23.0,23.0,23.0,23.0,20.0
38,19,78,19,332,332,351,370,389,408,11.0,11.0,11.0,10.0,10.0,11.0
38,20,75,15,301,301,316,331,346,361,22.0,22.0,21.0,21.0,21.0,14.0
38,21,50,19,321,321,340,359,378,397,17.0,17.0,16.0,14.0,14.0,24.0
38,22,88,20,344,344,364,384,404,424,4.0,5.0,5.0,5.0,4.0,7.0
38,23,99,21,338,338,359,380,401,422,6.0,6.0,6.0,6.0,6.0,3.0
39,0,63,13,326,326,339,352,365,378,10.0,14.0,16.0,17.0,18.0,18.0
39,1,98,20,340,340,360,380,400,420,4.0,5.0,5.0,5.0,6.0,4.0
39,2,92,23,351,351,374,397,420,443,1.0,1.0,1.0,1.0,1.0,6.0
39,3,65,15,304,304,319,334,349,364,21.0,21.0,21.0,21.0,21.0,17.0
39,4,76,21,340,340,361,382,403,424,5.0,4.0,4.0,4.0,4.0,11.0
39,5,100,19,340,340,359,378,397,416,6.0,6.0,6.0,7.0,7.0,1.0
39,6,59,19,323,323,342,361,380,399,12.0,11.0,11.0,11.0,11.0,21.0
39,7,72,19,322,322,341,360,379,398,14.0,12.0,12.0,12.0,12.0,13.0
39,8,54,14,299,299,313,327,341,355,22.0,22.0,22.0,22.0,22.0,23.0
39,9,52,14,285,285,299,313,327,341,24.0,24.0,23.0,23.0,23.0,24.0
39,10,71,18,323,323,341,359,377,395,13.0,13.0,13.0,13.0,13.0,14.0
39,11,86,20,336,336,356,376,396,416,7.0,7.0,7.0,8.0,8.0,7.0
39,12,68,20,335,335,355,375,395,415,8.0,8.0,9.0,9.0,9.0,15.0
39,13,83,23,330,330,353,376,399,422,9.0,9.0,8.0,6.0,5.0,8.0
39,14,99,23,346,346,369,392,415,438,2.0,2.0,2.0,2.0,2.0,3.0
39,15,68,17,322,322,339,356,373,390,15.0,15.0,14.0,14.0,14.0,16.0
39,16,57,11,290,290,301,312,323,334,23.0,23.0,24.0,24.0,24.0,22.0
39,17,76,17,306,306,323,340,357,374,20.0,20.0,19.0,19.0,19.0,12.0
39,18,94,17,313,313,330,347,364,381,18.0,18.0,18.0,18.0,17.0,5.0
39,19,63,15,309,309,324,339,354,369,19.0,19.0,20.0,20.0,20.0,19.0
39,20,61,19,326,326,345,364,383,402,11.0,10.0,10.0,10.0,10.0,20.0
39,21,78,17,319,319,336,353,370,387,17.0,16.0,15.0,15.0,15.0,9.0
39,22,100,22,343,343,365,387,409,431,3.0,3.0,3.0,3.0,3.0,2.0
39,23,77,16,320,320,336,352,368,384,16.0,17.0,17.0,16.0,16.0,10.0
40,0,72,17,333,333,350,367,384,401,11.0,12.0,12.0,13.0,13.0,14.0
40,1,95,21,355,355,376,397,418,439,2.0,2.0,2.0,2.0,3.0,5.0
40,2,94,20,346,346,366,386,406,426,5.0,5.0,5.0,5.0,6.0,7.0
40,3,57,16,316,316,332,348,364,380,22.0,21.0,21.0,21.0,21.0,21.0
40,4,97,21,350,350,371,392,413,434,4.0,4.0,4.0,4.0,4.0,3.0
40,5,98,17,337,337,354,371,388,405,9.0,9.0,11.0,11.0,12.0,2.0
40,6,73,19,334,334,353,372,391,410,10.0,10.0,9.0,10.0,10.0,13.0
40,7,72,18,317,317,335,353,371,389,21.0,20.0,19.0,18.0,17.0,15.0
40,8,51,13,300,300,313,326,339,352,24.0,24.0,24.0,24.0,24.0,22.0
40,9,68,16,321,321,337,353,369,385,18.0,18.0,20.0,20.0,20.0,19.0
40,10,75,20,326,326,346,366,386,406,15.0,13.0,13.0,12.0,11.0,12.0
40,11,69,18,323,323,341,359,377,395,17.0,17.0,16.0,16.0,16.0,18.0
40,12,95,22,352,352,374,396,418,440,3.0,3.0,3.0,3.0,2.0,6.0
40,13,78,18,327,327,345,363,381,399,14.0,14.0,14.0,14.0,14.0,10.0
40,14,76,18,326,326,344,362,380,398,16.0,15.0,15.0,15.0,15.0,11.0
40,15,51,12,311,311,323,335,347,359,23.0,23.0,23.0,23.0,23.0,23.0
40,16,70,13,319,319,332,345,358,371,20.0,22.0,22.0,22.0,22.0,17.0
40,17,62,20,332,332,352,372,392,412,12.0,11.0,10.0,9.0,8.0,20.0
40,18,51,17,320,320,337,354,371,388,19.0,19.0,18.0,19.0,19.0,24.0
40,19,71,22,357,357,379,401,423,445,1.0,1.0,1.0,1.0,1.0,16.0
40,20,100,15,329,329,344,359,374,389,13.0,16.0,17.0,17.0,18.0,1.0
40,21,86,17,344,344,361,378,395,412,7.0,8.0,8.0,8.0,9.0,9.0
40,22,94,22,340,340,362,384,406,428,8.0,7.0,7.0,6.0,5.0,8.0
40,23,97,20,345,345,365,385,405,425,6.0,6.0,6.0,7.0,7.0,4.0
41,0,97,22,357,357,379,401,423,445,1.0,1.0,1.0,1.0,1.0,1.0
41,1,96,19,353,353,372,391,410,429,2.0,2.0,3.0,3.0,3.0,3.0
41,2,79,18,326,326,344,362,380,398,12.0,12.0,12.0,13.0,14.0,10.0
41,3,97,18,333,333,351,369,387,405,10.0,10.0,10.0,11.0,11.0,2.0
41,4,61,17,320,320,337,354,371,388,16.0,17.0,17.0,17.0,17.0,17.0
41,5,50,12,283,283,295,307,319,331,24.0,24.0,24.0,24.0,24.0,23.0
41,6,95,20,328,328,348,368,388,408,11.0,11.0,11.0,9.0,9.0,5.0
41,7,77,18,339,339,357,375,393,411,8.0,8.0,8.0,8.0,8.0,12.0
41,8,90,22,341,341,363,385,407,429,7.0,6.0,6.0,5.0,4.0,6.0
41,9,56,13,286,286,299,312,325,338,23.0,23.0,23.0,23.0,23.0,19.0
41,10,51,17,303,303,320,337,354,371,21.0,21.0,21.0,21.0,20.0,22.0
41,11,76,18,334,334,352,370,388,406,9.0,9.0,9.0,10.0,10.0,13.0
41,12,81,19,320,320,339,358,377,396,17.0,16.0,16.0,15.0,15.0,9.0
41,13,68,20,321,321,341,361,381,401,15.0,15.0,13.0,12.0,12.0,15.0
41,14,79,22,349,349,371,393,415,437,3.0,3.0,2.0,2.0,2.0,11.0
41,15,73,15,310,310,325,340,355,370,19.0,19.0,19.0,20.0,21.0,14.0
41,16,83,19,343,343,362,381,400,419,6.0,7.0,7.0,7.0,7.0,8.0
41,17,50,17,305,305,322,339,356,373,20.0,20.0,20.0,19.0,19.0,24.0
41,18,88,21,344,344,365,386,407,428,5.0,5.0,5.0,6.0,5.0,7.0
41,19,56,16,316,316,332,348,364,380,18.0,18.0,18.0,18.0,18.0,20.0
41,20,66,19,323,323,342,361,380,399,14.0,14.0,14.0,14.0,13.0,16.0
41,21,60,17,326,326,343,360,377,394,13.0,13.0,15.0,16.0,16.0,18.0
41,22,96,20,348,348,368,388,408,428,4.0,4.0,4.0,4.0,6.0,4.0
41,23,55,13,302,302,315,328,341,354,22.0,22.0,22.0,22.0,22.0,21.0
42,0,86,17,340,340,357,374,391,408,7.0,8.0,8.0,9.0,10.0,5.0
42,1,83,21,342,342,363,384,405,426,6.0,6.0,5.0,5.0,4.0,7.0
42,2,64,15,320,320,335,350,365,380,16.0,17.0,17.0,18.0,18.0,18.0
42,3,69,20,344,344,364,384,404,424,4.0,5.0,6.0,6.0,6.0,15.0
42,4,59,17,321,321,338,355,372,389,14.0,15.0,15.0,16.0,16.0,22.0
42,5,79,17,337,337,354,371,388,405,9.0,9.0,10.0,11.0,11.0,9.0
42,6,59,18,312,312,330,348,366,384,20.0,19.0,19.0,17.0,17.0,23.0
42,7,75,19,328,328,347,366,385,404,12.0,13.0,13.0,13.0,12.0,12.0
42,8,65,20,346,346,366,386,406,426,3.0,3.0,3.0,4.0,5.0,17.0
42,9,72,15,319,319,334,349,364,379,17.0,18.0,18.0,19.0,19.0,13.0
42,10,87,16,313,313,329,345,361,377,19.0,20.0,20.0,20.0,20.0,4.0
42,11,72,13,312,312,325,338,351,364,21.0,21.0,21.0,22.0,22.0,14.0
42,12,76,21,328,328,349,370,391,412,13.0,12.0,11.0,10.0,9.0,10.0
42,13,64,18,319,319,337,355,373,391,18.0,16.0,16.0,15.0,15.0,19.0
42,14,96,24,361,361,385,409,433,457,1.0,1.0,1.0,1.0,1.0,1.0
42,15,61,13,296,296,309,322,335,348,24.0,24.0,24.0,24.0,24.0,21.0
42,16,89,23,354,354,377,400,423,446,2.0,2.0,2.0,2.0,2.0,2.0
42,17,76,20,334,334,354,374,394,414,11.0,10.0,9.0,8.0,8.0,11.0
42,18,86,21,344,344,365,386,407,428,5.0,4.0,4.0,3.0,3.0,6.0
42,19,88,19,339,339,358,377,396,415,8.0,7.0,7.0,7.0,7.0,3.0
42,20,62,17,335,335,352,369,386,403,10.0,11.0,12.0,12.0,13.0,20.0
42,21,82,18,321,321,339,357,375,393,15.0,14.0,14.0,14.0,14.0,8.0
42,22,67,16,305,305,321,337,353,369,22.0,22.0,22.0,21.0,21.0,16.0
42,23,53,14,300,300,314,328,342,356,23.0,23.0,23.0,23.0,23.0,24.0
43,0,94,21,347,347,368,389,410,431,2.0,2.0,3.0,3.0,3.0,5.0
43,1,82,21,344,344,365,386,407,428,4.0,4.0,4.0,4.0,4.0,10.0
43,2,96,18,329,329,347,365,383,401,13.0,13.0,13.0,13.0,13.0,4.0
43,3,80,16,315,315,331,347,363,379,20.0,19.0,19.0,19.0,19.0,12.0
43,4,56,14,296,296,310,324,338,352,23.0,23.0,23.0,23.0,23.0,21.0
43,5,76,21,333,333,354,375,396,417,10.0,10.0,8.0,7.0,7.0,15.0
43,6,90,16,325,325,341,357,373,389,17.0,17.0,18.0,18.0,18.0,6.0
43,7,98,20,341,341,361,381,401,421,5.0,5.0,5.0,5.0,5.0,2.0
43,8,70,18,329,329,347,365,383,401,14.0,14.0,14.0,14.0,14.0,17.0
43,9,53,16,329,329,345,361,377,393,15.0,16.0,16.0,17.0,17.0,24.0
43,10,54,14,293,293,307,321,335,349,24.0,24.0,24.0,24.0,24.0,23.0
43,11,97,19,339,339,358,377,396,415,7.0,7.0,7.0,8.0,8.0,3.0
43,12,82,19,328,328,347,366,385,404,16.0,15.0,12.0,12.0,12.0,11.0
43,13,59,19,322,322,341,360,379,398,18.0,18.0,17.0,16.0,15.0,20.0
43,14,100,20,341,341,361,381,401,421,6.0,6.0,6.0,6.0,6.0,1.0
43,15,70,19,333,333,352,371,390,409,11.0,11.0,11.0,11.0,10.0,18.0
43,16,55,15,309,309,324,339,354,369,21.0,21.0,21.0,20.0,20.0,22.0
43,17,65,13,308,308,321,334,347,360,22.0,22.0,22.0,22.0,22.0,19.0
43,18,77,12,318,318,330,342,354,366,19.0,20.0,20.0,21.0,21.0,14.0
43,19,86,19,337,337,356,375,394,413,8.0,8.0,9.0,9.0,9.0,9.0
43,20,88,23,345,345,368,391,414,437,3.0,3.0,2.0,2.0,2.0,8.0
43,21,90,25,367,367,392,417,442,467,1.0,1.0,1.0,1.0,1.0,7.0
43,22,72,18,337,337,355,373,391,409,9.0,9.0,10.0,10.0,11.0,16.0
43,23,80,16,333,333,349,365,381,397,12.0,12.0,15.0,15.0,16.0,13.0
44,0,80,21,332,332,353,374,395,416,8.0,8.0,8.0,8.0,7.0,7.0
44,1,92,18,343,343,361,379,397,415,4.0,4.0,6.0,7.0,8.0,2.0
44,2,80,22,347,347,369,391,413,435,2.0,2.0,2.0,2.0,2.0,8.0
44,3,68,14,313,313,327,341,355,369,18.0,19.0,19.0,19.0,19.0,17.0
44,4,76,16,329,329,345,361,377,393,9.0,12.0,12.0,13.0,14.0,11.0
44,5,78,19,327,327,346,365,384,403,10.0,11.0,11.0,11.0,11.0,9.0
44,6,73,19,319,319,338,357,376,395,15.0,14.0,14.0,14.0,12.0,12.0
44,7,69,16,321,321,337,353,369,385,14.0,15.0,15.0,15.0,15.0,16.0
44,8,84,22,326,326,348,370,392,414,12.0,9.0,9.0,9.0,9.0,4.0
44,9,54,17,313,313,330,347,364,381,19.0,17.0,17.0,17.0,17.0,21.0
44,10,62,16,292,292,308,324,340,356,22.0,22.0,22.0,22.0,22.0,18.0
44,11,58,17,315,315,332,349,366,383,17.0,16.0,16.0,16.0,16.0,20.0
44,12,70,21,326,326,347,368,389,410,13.0,10.0,10.0,10.0,10.0,15.0
44,13,78,17,327,327,344,361,378,395,11.0,13.0,13.0,12.0,13.0,10.0
44,14,86,21,344,344,365,386,407,428,3.0,3.0,3.0,3.0,3.0,3.0
44,15,84,19,341,341,360,379,398,417,5.0,5.0,7.0,6.0,6.0,5.0
44,16,51,11,292,292,303,314,325,336,23.0,23.0,23.0,23.0,23.0,22.0
44,17,72,22,337,337,359,381,403,425,7.0,7.0,4.0,4.0,4.0,13.0
44,18,50,12,316,316,328,340,352,364,16.0,18.0,20.0,20.0,21.0,24.0
44,19,61,13,281,281,294,307,320,333,24.0,24.0,24.0,24.0,24.0,19.0
44,20,84,20,340,340,360,380,400,420,6.0,6.0,5.0,5.0,5.0,6.0
44,21,51,16,303,303,319,335,351,367,21.0,21.0,21.0,21.0,20.0,23.0
44,22,72,16,311,311,327,343,359,375,20.0,20.0,18.0,18.0,18.0,14.0
44,23,97,27,365,365,392,419,446,473,1.0,1.0,1.0,1.0,1.0,1.0
45,0,68,17,317,317,334,351,368,385,18.0,17.0,16.0,16.0,16.0,15.0
45,1,83,22,343,343,365,387,409,431,3.0,3.0,3.0,3.0,3.0,7.0
45,2,73,17,329,329,346,363,380,397,11.0,11.0,11.0,11.0,11.0,13.0
45,3,51,16,312,312,328,344,360,376,21.0,22.0,21.0,19.0,19.0,24.0
45,4,99,25,347,347,372,397,422,447,1.0,1.0,1.0,1.0,1.0,1.0
45,5,57,8,292,292,300,308,316,324,24.0,24.0,24.0,24.0,24.0,21.0
45,6,76,21,336,336,357,378,399,420,7.0,6.0,6.0,5.0,5.0,10.0
45,7,57,15,314,314,329,344,359,374,20.0,21.0,22.0,21.0,21.0,22.0
45,8,79,20,332,332,352,372,392,412,10.0,10.0,10.0,10.0,10.0,9.0
45,9,70,14,312,312,326,340,354,368,22.0,23.0,23.0,23.0,23.0,14.0
45,10,83,21,336,336,357,378,399,420,8.0,7.0,7.0,6.0,6.0,8.0
45,11,99,23,346,346,369,392,415,438,2.0,2.0,2.0,2.0,2.0,2.0
45,12,74,16,320,320,336,352,368,384,14.0,14.0,14.0,17.0,17.0,12.0
45,13,63,12,321,321,333,345,357,369,12.0,18.0,19.0,22.0,22.0,19.0
45,14,63,17,318,318,335,352,369,386,16.0,15.0,15.0,14.0,15.0,20.0
45,15,65,15,315,315,330,345,360,375,19.0,20.0,20.0,20.0,20.0,17.0
45,16,76,20,337,337,357,377,397,417,6.0,8.0,8.0,8.0,8.0,11.0
45,17,84,19,318,318,337,356,375,394,17.0,13.0,12.0,12.0,12.0,5.0
45,18,68,16,319,319,335,351,367,383,15.0,16.0,17.0,18.0,18.0,16.0
45,19,90,21,333,333,354,375,396,417,9.0,9.0,9.0,9.0,9.0,3.0
45,20,90,20,339,339,359,379,399,419,4.0,5.0,5.0,7.0,7.0,4.0
45,21,84,21,339,339,360,381,402,423,5.0,4.0,4.0,4.0,4.0,6.0
45,22,55,17,321,321,338,355,372,389,13.0,12.0,13.0,13.0,13.0,23.0
45,23,64,19,312,312,331,350,369,388,23.0,19.0,18.0,15.0,14.0,18.0
46,0,72,20,319,319,339,359,379,399,14.0,13.0,13.0,13.0,13.0,14.0
46,1,95,19,328,328,347,366,385,404,11.0,12.0,12.0,12.0,12.0,4.0
46,2,75,14,310,310,324,338,352,366,21.0,22.0,22.0,22.0,22.0,10.0
46,3,55,19,331,331,350,369,388,407,9.0,9.0,9.0,8.0,9.0,21.0
46,4,86,22,344,344,366,388,410,432,4.0,4.0,4.0,4.0,4.0,7.0
46,5,65,14,305,305,319,333,347,361,23.0,23.0,23.0,23.0,23.0,16.0
46,6,74,20,336,336,356,376,396,416,7.0,6.0,6.0,5.0,5.0,11.0
46,7,88,21,329,329,350,371,392,413,10.0,10.0,7.0,7.0,7.0,6.0
46,8,99,25,356,356,381,406,431,456,1.0,1.0,1.0,1.0,1.0,1.0
46,9,51,10,299,299,309,319,329,339,24.0,24.0,24.0,24.0,24.0,24.0
46,10,67,16,317,317,333,349,365,381,16.0,16.0,17.0,17.0,17.0,15.0
46,11,61,16,320,320,336,352,368,384,13.0,14.0,14.0,16.0,16.0,18.0
46,12,74,20,328,328,348,368,388,408,12.0,11.0,11.0,9.0,8.0,12.0
46,13,99,19,339,339,358,377,396,415,5.0,5.0,5.0,6.0,6.0,2.0
46,14,92,21,355,355,376,397,418,439,2.0,2.0,2.0,2.0,2.0,5.0
46,15,58,18,315,315,333,351,369,387,18.0,17.0,15.0,15.0,15.0,19.0
46,16,86,19,313,313,332,351,370,389,20.0,19.0,16.0,14.0,14.0,8.0
46,17,85,17,337,337,354,371,388,405,6.0,7.0,8.0,10.0,10.0,9.0
46,18,65,16,317,317,333,349,365,381,17.0,18.0,18.0,18.0,18.0,17.0
46,19,97,22,350,350,372,394,416,438,3.0,3.0,3.0,3.0,3.0,3.0
46,20,57,15,319,319,334,349,364,379,15.0,15.0,19.0,19.0,19.0,20.0
46,21,54,16,314,314,330,346,362,378,19.0,20.0,20.0,20.0,20.0,22.0
46,22,74,18,333,333,351,369,387,405,8.0,8.0,10.0,11.0,11.0,13.0
46,23,53,15,310,310,325,340,355,370,22.0,21.0,21.0,21.0,21.0,23.0
47,0,57,15,317,317,332,347,362,377,20.0,20.0,20.0,20.0,20.0,23.0
47,1,78,15,322,322,337,352,367,382,17.0,18.0,18.0,18.0,18.0,15.0
47,2,70,18,322,322,340,358,376,394,18.0,16.0,15.0,15.0,15.0,17.0
47,3,93,25,357,357,382,407,432,457,1.0,1.0,1.0,1.0,1.0,5.0
47,4,77,14,324,324,338,352,366,380,16.0,17.0,19.0,19.0,19.0,16.0
47,5,79,18,329,329,347,365,383,401,11.0,11.0,11.0,10.0,11.0,13.0
47,6,90,23,344,344,367,390,413,436,4.0,3.0,3.0,3.0,3.0,6.0
47,7,99,19,326,326,345,364,383,402,14.0,13.0,13.0,11.0,10.0,1.0
47,8,70,18,319,319,337,355,373,391,19.0,19.0,17.0,16.0,16.0,18.0
47,9,88,21,341,341,362,383,404,425,5.0,5.0,4.0,4.0,4.0,8.0
47,10,68,15,327,327,342,357,372,387,13.0,15.0,16.0,17.0,17.0,19.0
47,11,80,20,335,335,355,375,395,415,8.0,8.0,8.0,8.0,8.0,12.0
47,12,68,18,335,335,353,371,389,407,9.0,9.0,9.0,9.0,9.0,20.0
47,13,89,19,325,325,344,363,382,401,15.0,14.0,14.0,14.0,12.0,7.0
47,14,96,18,346,346,364,382,400,418,3.0,4.0,6.0,6.0,6.0,3.0
47,15,61,14,317,317,331,345,359,373,21.0,21.0,21.0,21.0,21.0,22.0
47,16,87,14,314,314,328,342,356,370,22.0,22.0,22.0,22.0,22.0,10.0
47,17,95,20,337,337,357,377,397,417,7.0,7.0,7.0,7.0,7.0,4.0
47,18,84,18,329,329,347,365,383,401,12.0,12.0,12.0,12.0,13.0,11.0
47,19,88,24,352,352,376,400,424,448,2.0,2.0,2.0,2.0,2.0,9.0
47,20,54,15,300,300,315,330,345,360,24.0,24.0,24.0,24.0,23.0,24.0
47,21,65,13,307,307,320,333,346,359,23.0,23.0,23.0,23.0,24.0,21.0
47,22,79,17,332,332,349,366,383,400,10.0,10.0,10.0,13.0,14.0,14.0
47,23,99,21,341,341,362,383,404,425,6.0,6.0,5.0,5.0,5.0,2.0
48,0,98,22,342,342,364,386,408,430,3.0,3.0,3.0,3.0,3.0,4.0
48,1,80,21,337,337,358,379,400,421,6.0,6.0,6.0,6.0,6.0,10.0
48,2,77,17,323,323,340,357,374,391,15.0,15.0,13.0,14.0,15.0,12.0
48,3,93,25,349,349,374,399,424,449,1.0,1.0,1.0,1.0,1.0,5.0
48,4,75,17,327,327,344,361,378,395,13.0,12.0,12.0,12.0,12.0,16.0
48,5,73,17,318,318,335,352,369,386,18.0,18.0,19.0,19.0,18.0,17.0
48,6,100,21,338,338,359,380,401,422,5.0,5.0,5.0,5.0,5.0,1.0
48,7,76,18,317,317,335,353,371,389,19.0,19.0,18.0,17.0,16.0,14.0
48,8,81,14,328,328,342,356,370,384,10.0,13.0,16.0,18.0,19.0,9.0
48,9,59,14,301,301,315,329,343,357,24.0,24.0,24.0,24.0,23.0,22.0
48,10,52,13,305,305,318,331,344,357,23.0,23.0,23.0,23.0,24.0,24.0
48,11,91,21,333,333,354,375,396,417,9.0,8.0,7.0,7.0,7.0,6.0
48,12,67,18,334,334,352,370,388,406,8.0,9.0,9.0,9.0,9.0,19.0
48,13,58,19,317,317,336,355,374,393,20.0,17.0,17.0,15.0,14.0,23.0
48,14,77,14,316,316,330,344,358,372,21.0,21.0,21.0,21.0,21.0,13.0
48,15,91,23,349,349,372,395,418,441,2.0,2.0,2.0,2.0,2.0,7.0
48,16,99,17,328,328,345,362,379,396,11.0,10.0,10.0,10.0,10.0,2.0
48,17,73,17,328,328,345,362,379,396,12.0,11.0,11.0,11.0,11.0,18.0
48,18,87,18,337,337,355,373,391,409,7.0,7.0,8.0,8.0,8.0,8.0
48,19,66,16,319,319,335,351,367,383,16.0,20.0,20.0,20.0,20.0,20.0
48,20,78,22,341,341,363,385,407,429,4.0,4.0,4.0,4.0,4.0,11.0
48,21,99,16,325,325,341,357,373,389,14.0,14.0,14.0,16.0,17.0,3.0
48,22,76,19,319,319,338,357,376,395,17.0,16.0,15.0,13.0,13.0,15.0
48,23,61,13,315,315,328,341,354,367,22.0,22.0,22.0,22.0,22.0,21.0
49,0,92,23,350,350,373,396,419,442,2.0,2.0,2.0,2.0,2.0,7.0
49,1,74,18,322,322,340,358,376,394,15.0,13.0,13.0,13.0,12.0,10.0
49,2,64,15,323,323,338,353,368,383,13.0,15.0,15.0,16.0,17.0,13.0
49,3,95,22,348,348,370,392,414,436,4.0,4.0,4.0,4.0,4.0,4.0
49,4,64,18,312,312,330,348,366,384,20.0,18.0,18.0,17.0,16.0,14.0
49,5,70,20,331,331,351,371,391,411,7.0,8.0,8.0,8.0,9.0,11.0
49,6,63,16,318,318,334,350,366,382,17.0,17.0,17.0,18.0,18.0,15.0
49,7,61,12,309,309,321,333,345,357,21.0,22.0,23.0,23.0,23.0,16.0
49,8,99,22,343,343,365,387,409,431,5.0,5.0,5.0,5.0,5.0,1.0
49,9,89,24,354,354,378,402,426,450,1.0,1.0,1.0,1.0,1.0,8.0
49,10,94,21,327,327,348,369,390,411,11.0,10.0,10.0,10.0,10.0,5.0
49,11,60,17,319,319,336,353,370,387,16.0,16.0,16.0,15.0,14.0,17.0
49,12,89,22,333,333,355,377,399,421,6.0,6.0,6.0,6.0,6.0,9.0
49,13,55,16,323,323,339,355,371,387,14.0,14.0,14.0,14.0,15.0,21.0
49,14,59,16,330,330,346,362,378,394,9.0,11.0,11.0,11.0,13.0,18.0
49,15,56,15,307,307,322,337,352,367,22.0,21.0,21.0,21.0,20.0,19.0
49,16,67,18,324,324,342,360,378,396,12.0,12.0,12.0,12.0,11.0,12.0
49,17,56,14,307,307,321,335,349,363,23.0,23.0,22.0,22.0,22.0,20.0
49,18,54,16,314,314,330,346,362,378,18.0,19.0,19.0,19.0,19.0,22.0
49,19,93,21,328,328,349,370,391,412,10.0,9.0,9.0,9.0,8.0,6.0
49,20,51,10,300,300,310,320,330,340,24.0,24.0,24.0,24.0,24.0,23.0
49,21,50,13,314,314,327,340,353,366,19.0,20.0,20.0,20.0,21.0,24.0
49,22,99,21,331,331,352,373,394,415,8.0,7.0,7.0,7.0,7.0,2.0
49,23,96,22,349,349,371,393,415,437,3.0,3.0,3.0,3.0,3.0,3.0
